1	Ich	19278	ich
2	ist	18703	sein
3	ich	17337	ich
4	nicht	16629	nicht
5	Sie	14444	sie;Sie
6	du	13487	du
7	das	12872	das
8	die	12847	die
9	es	10298	es
10	und	10046	und
11	der	9290	der
12	zu	9021	zu
13	sie	7849	sie
14	Das	7420	das
15	ein	7315	ein
16	in	7171	in
17	wir	6536	wir
18	Du	6444	du;Du
19	mir	6242	mir
20	mit	6015	mit
21	Was	5778	was
22	den	5730	der
23	mich	5629	mich
24	was	5264	was
25	auf	5177	auf
26	dass	4853	dass
27	er	4794	er
28	eine	4674	eine
29	Es	4552	es
30	hat	4518	haben
31	Wir	4493	wir
32	Und	4404	und
33	so	4359	so
34	sind	4328	sein
35	von	4314	von
36	dich	4294	dich
37	war	4207	war
38	haben	4201	haben
39	für	4181	für
40	Ja	4154	ja
41	hier	4092	hier
42	an	3859	an
43	habe	3682	haben
44	Er	3654	er
45	bin	3595	sein
46	wie	3591	wie
47	noch	3414	noch
48	dir	3385	dir
49	uns	3283	uns
50	sich	3277	sich
51	Die	3256	die
52	nur	3179	nur
53	einen	3134	ein
54	Nein	3032	nein
55	dem	2952	der
56	ihn	2740	ihn
57	auch	2728	auch
58	hast	2716	haben
59	sein	2690	sein
60	ihr	2675	ihr
61	da	2674	da
62	aus	2653	aus
63	kann	2653	können
64	aber	2640	aber
65	Aber	2620	aber
66	schon	2598	schon
67	wenn	2559	wenn
68	wird	2477	werden
69	um	2410	um
70	Wie	2379	wie
71	als	2329	als
72	bist	2269	sein
73	im	2258	in
74	mal	2225	mal
75	doch	2174	doch
76	gut	2138	gut
77	meine	2087	mein
78	jetzt	2066	jetzt
79	weiß	1986	wissen
80	Wenn	1964	wenn
81	werden	1928	werden
82	Der	1908	der
83	nach	1836	nach
84	ja	1824	ja
85	Oh	1811	oh
86	oder	1808	oder
87	dann	1796	dann
88	will	1746	wollen
89	mein	1719	mein
90	mehr	1712	mehr
91	keine	1696	kein
92	etwas	1682	etwas
93	alles	1665	alles
94	muss	1646	müssen
95	immer	1632	immer
96	nichts	1626	nichts
97	man	1577	man
98	wieder	1574	wieder
99	bei	1468	bei
100	hab	1467	haben
101	machen	1416	machen
102	vor	1372	vor
103	Mann	1360	Mann
104	ihm	1332	ihm
105	einem	1330	ein
106	tun	1330	tun
107	zum	1317	zu
108	können	1315	können
109	sagen	1307	sagen
110	werde	1290	werden
111	denn	1284	denn
112	Ist	1261	sein
113	Ein	1259	ein
114	Warum	1247	warum
115	einer	1229	einer;ein
116	gehen	1225	gehen
117	sehen	1224	sehen
118	sehr	1210	sehr
119	geht	1210	gehen
120	alle	1182	alle
121	über	1178	über
122	müssen	1146	müssen
123	diese	1140	dieser
124	einfach	1138	einfach
125	euch	1130	euch
126	des	1114	der
127	nie	1111	nie
128	Also	1107	also
129	Wo	1079	wo
130	los	1062	los
131	Zeit	1061	Zeit
132	Ihnen	1060	ihnen;Ihnen
133	gibt	1050	geben
134	wirklich	1048	wirklich
135	Hey	1046	hey
136	Danke	1026	danke
137	deine	1024	dein
138	würde	1023	werden
139	soll	1006	sollen
140	Da	1001	da
141	hatte	980	haben
142	Hier	965	hier
143	wissen	965	wissen
144	bitte	964	bitte
145	viel	960	viel
146	Dann	950	dann
147	So	939	so
148	gesagt	924	sagen
149	Ihr	917	ihr;Ihr
150	am	905	an
151	kein	902	kein
152	Komm	898	kommen
153	Wer	896	wer
154	zurück	889	zurück
155	wurde	887	werden
156	In	871	in
157	wollte	863	wollen
158	Frau	850	Frau
159	Leben	846	leben;Leben
160	wäre	833	sein
161	wo	833	wo
162	damit	828	damit
163	Nicht	827	nicht
164	Gott	815	Gott
165	Leute	788	Leute
166	kannst	788	können
167	heute	785	heute
168	meinen	774	mein
169	dieser	774	dieser
170	dein	774	dein
171	kommt	772	kommen
172	kommen	772	kommen
173	willst	758	wollen
174	Na	749	na
175	wollen	747	wollen
176	sicher	739	sicher
177	ganz	730	ganz
178	Jetzt	726	jetzt
179	Mein	718	mein
180	Mr	713	Mr.
181	also	704	also
182	zur	703	zu
183	Hast	703	haben
184	Gut	701	gut
185	hätte	696	haben
186	weil	691	weil
187	tut	689	tun
188	Hallo	689	hallo
189	Okay	686	okay
190	macht	684	machen
191	waren	673	sein
192	bis	664	bis
193	Vielleicht	662	vielleicht
194	könnte	661	können
195	Eine	661	ein
196	Bitte	658	bitte;Bitte
197	weg	656	weg
198	seine	654	sein
199	lassen	653	lassen
200	Vater	651	Vater
201	gesehen	651	sehen
202	Nun	647	nun
203	gerade	646	gerade
204	Alles	645	alles
205	glaube	645	glauben
206	Tag	642	Tag
207	ab	641	ab
208	Geld	640	Geld
209	gemacht	637	machen
210	nein	628	nein
211	Sir	613	Sir
212	sollte	612	sollen
213	sagte	604	sagen
214	keinen	601	kein
215	durch	595	durch
216	zwei	592	zwei
217	diesen	590	dieser
218	passiert	587	passieren
219	wohl	584	wohl
220	vielleicht	575	vielleicht
221	ihre	568	ihre
222	Mutter	567	Mutter
223	reden	567	reden
224	anderen	563	anderer
225	dachte	563	denken
226	daß	562	daß
227	möchte	560	mögen
228	wirst	560	werden
229	gehört	557	hören;gehören
230	weißt	557	wissen
231	Keine	552	keine
232	raus	552	raus
233	Meine	551	meine
234	paar	550	paar
235	besser	550	gut
236	ob	543	ob
237	her	540	her
238	musst	539	müssen
239	Ordnung	538	Ordnung
240	meiner	535	mein
241	klar	531	klar
242	ihnen	529	ihnen
243	Los	521	los;Los
244	diesem	519	dieser
245	meinem	517	mein
246	lange	515	lange
247	Lass	509	lassen
248	dieses	508	dieser
249	helfen	506	helfen
250	unsere	501	unser
251	Weg	498	Weg
252	selbst	497	selbst
253	Nur	496	nur
254	finden	493	finden
255	Mal	491	mal;Mal
256	jemand	486	jemand
257	denke	482	denken
258	Ach	482	ach
259	Nacht	479	Nacht
260	genau	476	genau
261	gar	473	gar
262	sagt	472	sagen
263	Welt	472	Welt
264	Auf	469	auf
265	Mädchen	468	Mädchen
266	ins	468	in
267	hin	467	hin
268	vom	465	von
269	schön	463	schön
270	warum	461	warum
271	weiter	461	weiter
272	Leid	460	leid;Leid
273	gleich	458	gleich
274	wer	457	wer
275	Man	457	man
276	ohne	448	ohne
277	Menschen	447	Mensch
278	deinen	446	dein
279	leid	445	leid
280	Wieso	444	wieso
281	dort	442	dort
282	Als	440	als
283	Hause	440	Haus
284	sollten	440	sollen
285	davon	439	davon
286	zusammen	439	zusammen
287	geben	434	geben
288	Ok	433	Ok
289	Hör	433	hören
290	machst	430	machen
291	Freund	427	Freund
292	richtig	426	richtig
293	Angst	424	Angst
294	Bist	422	sein
295	Tut	420	tun
296	Mit	419	mit
297	viele	411	viel
298	sieht	406	sehen
299	Haus	404	Haus
300	tot	404	tot
301	sollen	402	sollen
302	ganze	396	ganz
303	andere	394	anderer
304	getan	393	tun
305	okay	390	okay
306	rein	389	rein
307	Diese	389	dieser
308	Moment	385	Moment
309	bleiben	385	bleiben
310	brauchen	381	brauchen
311	Weil	380	weil
312	Kinder	379	Kind
313	unter	379	unter
314	Arbeit	378	Arbeit
315	Für	377	für
316	Problem	376	Problem
317	dafür	376	dafür
318	Herr	374	Herr
319	Haben	374	haben
320	wegen	374	wegen
321	geht's	364	gehen;'s;es
322	liebe	362	lieber
323	genug	362	genug
324	dabei	362	dabei
325	bringen	361	bringen
326	Ihre	360	ihre;Ihre
327	'ne	357	'ne;eine
328	gegen	353	gegen
329	Weißt	352	wissen
330	Sag	351	sagen
331	schnell	350	schnell
332	nun	347	nun
333	eines	347	ein
334	brauche	347	brauchen
335	Abend	347	Abend
336	hatten	346	haben
337	Jahre	346	Jahr
338	Mach	345	machen
339	Bruder	345	Bruder
340	Sache	343	Sache
341	hören	340	hören
342	komm	340	kommen
343	Sohn	340	Sohn
344	seit	338	seit
345	Morgen	337	morgen;Morgen
346	drei	335	drei
347	steht	334	stehen
348	Scheiße	334	Scheiße
349	mag	333	mögen
350	sei	332	sein
351	unser	331	unser
352	konnte	329	können
353	habt	326	haben
354	Oder	326	oder
355	einmal	325	einmal
356	heißt	323	heißen
357	OK	322	OK
358	Willst	321	wollen
359	Kopf	320	Kopf
360	Hilfe	320	Hilfe
361	Familie	318	Familie
362	Geh	318	gehen
363	Baby	318	Baby
364	Dich	317	dich
365	Sind	317	sein
366	erst	316	erst
367	fertig	316	fertig
368	gefunden	315	finden
369	seid	315	sein
370	kam	314	kommen
371	nehmen	314	nehmen
372	morgen	311	morgen
373	sprechen	309	sprechen
374	Mir	309	mir
375	sofort	308	sofort
376	Kann	306	können
377	Hat	305	haben
378	Jahren	305	Jahr
379	Kind	304	Kind
380	seinen	304	sein
381	Genau	303	genau
382	daran	302	daran
383	Junge	302	Junge
384	Minuten	302	Minute
385	bevor	301	bevor
386	Stadt	300	Stadt
387	beim	300	bei
388	sterben	300	sterben
389	warst	300	sein
390	Recht	297	Recht
391	glauben	297	glauben
392	Warte	297	warten
393	darüber	296	darüber
394	deiner	296	dein
395	deinem	296	dein
396	Ende	293	Ende
397	He	292	he
398	Dinge	291	Ding
399	Namen	291	Namen
400	wahr	291	wahr
401	Alle	288	alle
402	allein	287	allein
403	Natürlich	287	natürlich
404	töten	287	töten
405	Nichts	286	nichts
406	Wirklich	285	wirklich
407	bekommen	285	bekommen
408	Männer	284	Mann
409	vergessen	282	vergessen
410	Doch	281	doch
411	dazu	281	dazu
412	gab	280	geben
413	später	279	spät
414	wusste	279	wissen
415	Augen	278	Auge
416	Dank	277	Dank
417	Freunde	277	Freund
418	Jungs	275	Junge
419	halten	275	halten
420	warten	275	warten
421	Glück	274	Glück
422	beide	274	beide
423	gute	274	gut
424	Dein	273	dein
425	kennen	271	kennen
426	Deine	271	dein
427	'n	271	'n;ein
428	Hi	270	hi
429	Dr	269	Dr.
430	Auto	268	Auto
431	sage	267	sagen
432	gehe	267	gehen
433	komme	267	kommen
434	Dir	267	dir
435	mache	266	machen
436	Von	265	von
437	Uhr	265	Uhr
438	sehe	265	sehen
439	Teufel	265	Teufel
440	sonst	265	sonst
441	Art	264	Art
442	gern	264	gern
443	Liebe	264	Liebe
444	jeden	264	jeder
445	könnten	264	können
446	ihren	263	ihr
447	Halt	262	halten;Halt
448	Fall	261	fallen;Fall
449	Dad	261	Dad
450	Film	261	Film
451	bisschen	259	bisschen
452	eigentlich	259	eigentlich
453	weit	258	weit
454	mach	256	machen
455	Gib	256	geben
456	vorbei	255	vorbei
457	verstehe	255	verstehen
458	danke	254	danke
459	drin	254	drin
460	Im	251	in
461	Name	250	Name
462	ganzen	250	ganz
463	Musik	249	Musik
464	würden	248	werden
465	Tür	248	Tür
466	verrückt	248	verrückt
467	solltest	248	sollen
468	denken	247	denken
469	Noch	245	noch
470	dran	244	dran
471	Sieh	242	sehen
472	lieber	242	lieb
473	Den	242	der
474	leben	241	leben
475	Guten	241	gut
476	Um	241	um
477	darauf	241	darauf
478	Kein	240	kein
479	stimmt	239	stimmen
480	Kerl	239	Kerl
481	letzte	239	letzter
482	Job	238	Job
483	verloren	238	verlieren
484	wurden	238	werden
485	kenne	237	kennen
486	Ahnung	237	Ahnung
487	seiner	235	sein
488	Grund	234	Grund
489	toll	234	toll
490	Bis	234	bis
491	Verdammt	234	verdammen
492	bald	232	bald
493	bereit	232	bereit
494	all	232	all
495	jemanden	232	jemand
496	hinter	230	hinter
497	Schon	230	schon
498	Sehr	230	sehr
499	Hand	229	Hand
500	darf	229	dürfen
501	Dieser	228	dieser
502	Frauen	228	Frau
503	Euch	228	euch
504	Idee	227	Idee
505	runter	227	runter
506	Macht	227	machen;Macht
507	draußen	227	draußen
508	lang	226	lang
509	Land	226	Land
510	lass	226	lassen
511	Typ	226	Typ
512	hätten	224	haben
513	egal	224	egal
514	arbeiten	224	arbeiten
515	spät	224	spät
516	stehen	224	stehen
517	ok	224	ok
518	Gute	224	gut
519	gekommen	223	kommen
520	Bei	223	bei
521	etwa	223	etwa
522	essen	222	essen
523	kleine	222	klein
524	jeder	221	jeder
525	Schwester	221	Schwester
526	Wasser	221	Wasser
527	spielen	221	spielen
528	Geschichte	221	Geschichte
529	seinem	220	sein
530	liegt	220	liegen
531	sah	219	sehen
532	Mom	219	Mom
533	Seite	219	Seite
534	wenig	218	wenig
535	ruhig	218	ruhig
536	Frage	217	Frage
537	meinst	216	meinen
538	überhaupt	216	überhaupt
539	fahren	216	fahren
540	Ganz	216	ganz
541	Gehen	215	gehen
542	Essen	215	essen;Essen
543	Ruhe	214	Ruhe
544	echt	213	echt
545	versucht	212	versuchen
546	Tochter	212	Tochter
547	Kommt	212	kommen
548	Einen	212	ein
549	ging	212	gehen
550	Jahr	211	Jahr
551	braucht	211	brauchen
552	fast	211	fast
553	neue	211	neu
554	geh	210	gehen
555	ziemlich	209	ziemlich
556	anders	209	anders
557	siehst	209	sehen
558	Polizei	208	Polizei
559	Stunden	208	Stunde
560	musste	207	müssen
561	Spiel	207	Spiel
562	gewesen	206	sein
563	gerne	206	gerne
564	finde	206	finden
565	erzählt	206	erzählen
566	Tod	205	Tod
567	Ort	204	Ort
568	Chance	204	Chance
569	bedeutet	203	bedeuten
570	War	203	sein
571	sag	203	sagen
572	sagst	202	sagen
573	fragen	202	fragen
574	letzten	201	letzter
575	sogar	200	sogar
576	ersten	200	erster
577	Sachen	199	Sache
578	Wahrheit	199	Wahrheit
579	einzige	199	einziger
580	kurz	199	kurz
581	denen	198	denen
582	Kommen	197	kommen
583	Spaß	197	Spaß
584	Nach	196	nach
585	oben	196	oben
586	Mama	196	Mama
587	schwer	196	schwer
588	Schule	195	Schule
589	je	195	je
590	eben	194	eben
591	Gesicht	194	Gesicht
592	bestimmt	192	bestimmt;bestimmen
593	treffen	192	treffen
594	niemand	192	niemand
595	Woche	191	Woche
596	Entschuldigung	191	Entschuldigung
597	Sorgen	190	sorgen;Sorge
598	warte	190	warten
599	natürlich	190	natürlich
600	schlecht	190	schlecht
601	große	189	groß
602	getötet	189	töten
603	verstehen	189	verstehen
604	hoffe	189	hoffen
605	Ah	188	ah
606	Sei	187	sein
607	Zimmer	187	Zimmer
608	hoch	187	hoch
609	unserer	187	unser
610	Tage	187	Tag
611	Teil	186	Teil
612	Wann	186	wann
613	suchen	186	suchen
614	verlassen	186	verlassen
615	zeigen	185	zeigen
616	wollten	184	wollen
617	lässt	184	lassen
618	Wort	184	Wort
619	eins	184	eins;ein
620	zwischen	184	zwischen
621	Woher	183	woher
622	Schatz	183	Schatz
623	Wissen	182	wissen;Wissen
624	versuchen	182	versuchen
625	Können	182	können;Können
626	Kannst	182	können
627	nett	181	nett
628	Zu	179	zu
629	kriegen	178	kriegen
630	Geht	178	gehen
631	Arsch	178	Arsch
632	kleinen	178	klein
633	Hab	178	haben
634	weiss	178	weiss
635	erste	178	erster
636	läuft	177	laufen
637	kommst	177	kommen
638	Freundin	177	Freundin
639	Mensch	177	Mensch
640	beiden	177	beide
641	Ding	176	Ding
642	niemals	176	niemals
643	endlich	176	endlich
644	Nimm	176	nehmen
645	muß	175	müssen
646	gehst	175	gehen
647	Heute	174	heute;Heute
648	denkst	174	denken
649	Herz	174	Herz
650	Waffe	173	Waffe
651	Soll	173	sollen;Soll
652	tust	173	tun
653	Dollar	173	Dollar
654	nehme	172	nehmen
655	Schau	172	schauen;Schau
656	holen	171	holen
657	oft	171	oft
658	drauf	171	drauf
659	anderes	170	anderes;anderer
660	Niemand	170	niemand
661	unten	170	unten
662	Wagen	170	Wagen
663	Yeah	169	yeah
664	Schön	169	schön
665	wichtig	168	wichtig
666	Mrs	168	Mrs.
667	hättest	167	haben
668	allen	167	alle
669	Miss	167	Miss
670	ihrer	167	ihre
671	gedacht	166	denken
672	Nummer	166	Nummer
673	würdest	166	werden
674	erzählen	166	erzählen
675	bleibt	165	bleiben
676	Auch	165	auch
677	Hände	164	Hand
678	Blut	164	Blut
679	Sehen	164	sehen;Sehen
680	bloß	164	bloß
681	recht	162	recht
682	bringt	162	bringen
683	Bett	162	Bett
684	Lassen	161	lassen
685	Eltern	161	Eltern
686	gefällt	161	gefallen
687	Schuld	160	Schuld
688	eure	160	euer
689	Plan	160	Plan
690	Krieg	160	Krieg
691	neuen	160	neu
692	Klar	160	klar
693	retten	159	retten
694	guter	159	gut
695	während	159	während
696	ihrem	159	ul;ihr
697	wären	159	sein
698	Fehler	158	Fehler
699	scheint	158	scheinen
700	Lasst	157	lassen
701	gegeben	157	geben
702	An	156	an
703	hör	156	hören
704	glücklich	156	glücklich
705	verdammt	156	verdammt;verdammen
706	alt	156	alt
707	Platz	155	Platz
708	darum	155	darum
709	Vielen	153	viele
710	falsch	153	falsch
711	unseren	153	unser
712	schlafen	152	schlafen
713	Sagen	152	sagen;Sagen
714	nächsten	151	nächster
715	fünf	150	fünf
716	frei	150	frei
717	Sorge	150	sorgen;Sorge
718	Vor	150	vor
719	fest	150	fest
720	bereits	149	bereits
721	alleine	149	allein
722	Denn	148	denn
723	Zwei	148	zwei
724	Fragen	148	Frage
725	möglich	147	möglich
726	irgendwie	147	irgendwie
727	Papa	147	Papa
728	lernen	147	lernen
729	gestern	147	gestern
730	hierher	147	hierher
731	Schiff	147	Schiff
732	vier	146	vier
733	irgendwas	146	irgendwas
734	Stimmt	146	stimmen
735	Menge	146	Menge
736	keiner	146	keiner;kein
737	brauchst	145	brauchen
738	Typen	145	Typ
739	Dass	144	dass
740	Stunde	144	Stunde
741	Szene	144	Szene
742	Hölle	144	Hölle
743	einige	143	einige
744	Deshalb	143	deshalb
745	geworden	143	werden
746	Telefon	143	Telefon
747	Darf	141	dürfen
748	Feuer	141	Feuer
749	Wollen	140	wollen
750	Bin	139	sein
751	Alter	139	alt;Alter
752	Captain	139	Captain
753	Aus	138	aus
754	Dieses	138	dieser
755	Probleme	137	Problem
756	Jeder	137	jeder
757	verstanden	137	verstehen
758	wann	136	wann
759	alten	136	alt
760	gibt's	136	geben;'s;es
761	sondern	136	sondern
762	guten	136	gut
763	zwar	134	zwar
764	eigenen	134	eigener
765	New	134	New
766	Körper	134	Körper
767	hört	134	hören
768	Zum	134	zu
769	gebe	134	geben
770	Kumpel	134	Kumpel
771	Hund	133	Hund
772	nochmal	133	nochmal
773	hab's	133	haben;'s;es
774	früh	133	früh
775	Hören	132	hören;Hören
776	trinken	132	trinken
777	besten	132	gut
778	meines	132	mein
779	schaffen	132	schaffen
780	alte	132	alt
781	Luft	131	Luft
782	Jemand	130	jemand
783	dürfen	130	dürfen
784	Meister	130	Meister
785	Erde	130	Erde
786	Seit	130	seit
787	Sicher	129	sicher
788	Hört	129	hören
789	Zukunft	129	Zukunft
790	kaum	129	kaum
791	funktioniert	129	funktionieren
792	voll	129	voll
793	Bleib	128	bleiben
794	reicht	128	reichen
795	weh	127	weh
796	stellen	127	stellen
797	Siehst	127	sehen
798	kleiner	127	klein
799	großen	127	groß
800	Waffen	126	Waffe
801	Büro	126	Büro
802	Wahl	126	Wahl
803	verlieren	126	verlieren
804	Wochen	126	Woche
805	Damit	125	damit
806	Stück	125	Stück
807	lieben	124	lieben;lieber
808	allem	124	alles
809	getroffen	124	treffen
810	äh	124	äh
811	Am	123	an
812	geschafft	123	schaffen
813	tue	123	tun
814	gefallen	123	gefallen;fallen
815	Tja	123	tja
816	Boss	123	Boss
817	überall	122	überall
818	Sieht	122	sehen
819	passieren	122	passieren
820	lustig	122	lustig
821	Licht	122	Licht
822	gebracht	121	bringen
823	nennen	121	nennen
824	Folge	121	Folge
825	Gefühl	121	Gefühl
826	völlig	121	völlig
827	denkt	121	denken
828	Schlüssel	120	Schlüssel
829	drüben	120	drüben
830	Richtig	120	richtig
831	wieso	120	wieso
832	Leuten	120	Leute
833	Buch	120	Buch
834	laufen	119	laufen
835	spielt	119	spielen
836	früher	119	früher
837	Sein	119	sein;Sein
838	krank	118	krank
839	gegangen	118	gehen
840	fand	118	finden
841	Seine	118	sein
842	Pass	118	passen;Pass
843	fühle	117	fühlen
844	Himmel	117	Himmel
845	froh	117	froh
846	leicht	116	leicht
847	direkt	116	direkt
848	langsam	116	langsam
849	wolltest	116	wollen
850	erinnern	116	erinnern
851	zuerst	116	zuerst
852	Krankenhaus	115	Krankenhaus
853	Viel	115	viel
854	beste	115	gut
855	welche	115	welcher
856	genommen	115	nehmen
857	Arzt	115	Arzt
858	unserem	114	unser
859	Idiot	114	Idiot
860	Machen	114	machen
861	glaubst	114	glauben
862	jede	113	jeder
863	Ohne	113	ohne
864	groß	113	groß
865	hattest	113	haben
866	Äh	113	äh
867	Jungen	113	Junge
868	Rest	113	Rest
869	Unsere	113	unser
870	versuche	112	versuchen
871	Tagen	112	Tag;tagen
872	nächste	112	nächster
873	Entschuldigen	112	entschuldigen
874	Doktor	112	Doktor
875	spricht	112	sprechen
876	könnt	112	können
877	hält	112	halten
878	Team	112	Team
879	Verstanden	112	verstehen
880	kämpfen	111	kämpfen
881	heiraten	111	heiraten
882	könntest	111	können
883	Wow	111	wow
884	Etwas	111	etwas
885	Straße	111	Straße
886	Mist	111	Mist
887	König	110	König
888	redest	110	reden
889	kleines	110	klein
890	lebt	110	leben
891	erklären	110	erklären
892	worden	110	werden
893	Millionen	110	Million
894	Wiedersehen	110	wiedersehen;Wiedersehen
895	Onkel	109	Onkel
896	kennst	109	kennen
897	sitzen	109	sitzen
898	dies	109	dieser
899	weniger	108	wenig
900	Kaffee	108	Kaffee
901	ernst	108	ernst
902	wollt	108	wollen
903	tragen	108	tragen
904	Zeug	108	Zeug
905	trotzdem	108	trotzdem
906	Ihren	108	ihr;Ihr
907	kaufen	107	kaufen
908	Liste	107	Liste
909	ändern	107	ändern
910	Kampf	107	Kampf
911	hasse	106	hassen
912	Person	106	Person
913	Mund	106	Mund
914	umbringen	106	umbringen
915	Präsident	106	Präsident
916	Boden	106	Boden
917	Wohin	105	wohin
918	machte	105	machen
919	Party	105	Party
920	gefragt	105	fragen
921	Seht	105	sehen
922	irgendwo	105	irgendwo
923	kümmern	105	kümmern
924	kennt	104	kennen
925	verletzt	104	verletzen
926	Habt	104	haben
927	Nachricht	104	Nachricht
928	Willkommen	104	Willkommen
929	vielen	104	viele
930	hart	104	hart
931	lasse	104	lassen
932	total	104	total
933	Gefängnis	104	Gefängnis
934	außer	104	außer
935	Sicherheit	103	Sicherheit
936	Schnell	103	schnell
937	wem	103	wer
938	ehrlich	103	ehrlich
939	interessiert	103	interessieren
940	Sex	103	Sex
941	sagten	103	sagen
942	ziehen	103	ziehen
943	Welche	102	welcher
944	Unser	102	unser
945	Augenblick	102	Augenblick
946	angerufen	102	anrufen
947	aufhören	102	aufhören
948	Klasse	102	Klasse
949	Bild	102	Bild
950	stark	102	stark
951	Dies	102	dieser
952	Eure	102	euer
953	zehn	102	zehn
954	Sinn	101	Sinn
955	vorstellen	101	vorstellen
956	Traum	101	Traum
957	länger	101	lang
958	manchmal	101	manchmal
959	anrufen	101	anrufen
960	sechs	100	sechs
961	Arschloch	100	Arschloch
962	sollst	100	sollen
963	gestorben	100	sterben
964	Tages	100	Tag
965	war's	100	sein;'s;es
966	verschwinden	99	verschwinden
967	Kraft	99	Kraft
968	gesprochen	99	sprechen
969	heraus	99	heraus
970	genauso	99	genauso
971	wärst	98	sein
972	Eins	98	eins
973	damals	98	damals
974	heißen	98	heißen
975	Liebling	97	Liebling
976	wahrscheinlich	97	wahrscheinlich
977	deshalb	97	deshalb
978	Stelle	97	stellen;Stelle
979	halt	97	halt;halten
980	erwartet	96	erwarten
981	solche	96	solcher
982	meisten	96	meisten
983	bringe	96	bringen
984	still	95	still
985	umgebracht	95	umbringen
986	Stimme	95	Stimme
987	General	95	General
988	Geben	95	geben;Geben
989	Entschuldige	95	entschuldigen
990	Vergiss	94	vergessen
991	rede	94	reden
992	führen	94	führen
993	Bewegung	94	Bewegung
994	höre	94	hören
995	Sonst	94	sonst
996	Geschäft	94	Geschäft
997	werdet	94	werden
998	konnten	94	können
999	wartet	94	warten
1000	Raus	94	raus
1001	anfangen	94	anfangen
1002	Habe	94	haben;Habe
1003	hinten	93	hinten
1004	fällt	93	fallen
1005	wen	93	wer
1006	Sekunden	93	Sekunde
1007	Manchmal	93	manchmal
1008	gerettet	93	retten
1009	Naja	93	naja
1010	Gibt	93	geben
1011	jemals	93	jemals
1012	Meinung	93	Meinung
1013	geschehen	93	geschehen
1014	Antwort	93	Antwort
1015	schlimm	92	schlimm
1016	Eigentlich	92	eigentlich
1017	findet	92	finden
1018	Scheiß	92	scheiße;scheißen;Scheiße
1019	gewinnen	92	gewinnen
1020	Tu	92	tun
1021	Gedanken	92	Gedanke
1022	erinnere	92	erinnern
1023	mögen	92	mögen
1024	Herren	92	Herr
1025	klingt	91	klingen
1026	vorher	91	vorher
1027	Auge	91	Auge
1028	hab'	91	habe
1029	setzen	91	setzen
1030	cool	91	cool
1031	Anfang	91	Anfang
1032	Immer	91	immer
1033	danach	90	danach
1034	Monate	90	Monat
1035	Lebens	90	Leben
1036	Beste	90	gut
1037	benutzen	90	benutzen
1038	Nehmen	90	nehmen
1039	fühlen	90	fühlen
1040	Ärger	89	Ärger
1041	arbeite	89	arbeiten
1042	Rolle	89	Rolle
1043	gefährlich	89	gefährlich
1044	Dort	89	dort
1045	gelernt	89	lernen
1046	fallen	89	fallen
1047	böse	89	böse
1048	werd	88	werden
1049	Nähe	88	Nähe
1050	geschickt	88	geschickt
1051	liebt	88	lieben
1052	Tisch	88	Tisch
1053	Mehr	88	mehr
1054	Ziel	88	Ziel
1055	Raum	88	Raum
1056	jedem	88	jeder
1057	fliegen	88	fliegen
1058	Wohnung	88	Wohnung
1059	Dafür	88	dafür
1060	erfahren	87	erfahren
1061	dumm	87	dumm
1062	eher	87	eher
1063	vorsichtig	87	vorsichtig
1064	herum	87	herum
1065	Klappe	86	Klappe
1066	schicken	86	schicken
1067	Laden	86	laden;Laden
1068	aufs	86	auf
1069	Wird	86	werden
1070	Warten	86	warten;Warten
1071	großer	86	groß
1072	arbeitet	86	arbeiten
1073	Euer	85	euer
1074	Worte	85	Wort
1075	richtige	85	richtig
1076	Flugzeug	85	Flugzeug
1077	Firma	85	Firma
1078	bezahlen	85	bezahlen
1079	Einer	85	einer
1080	Glaubst	85	glauben
1081	falls	85	falls
1082	schreiben	84	schreiben
1083	tat	84	tun
1084	Darum	84	darum
1085	starb	84	sterben
1086	Schluss	84	Schluss
1087	Fenster	84	Fenster
1088	liegen	84	liegen
1089	wär's	84	sein
1090	Verzeihung	84	Verzeihung
1091	niemanden	84	niemand
1092	neues	84	neu
1093	Weiß	84	Weiß;weiß;wissen
1094	benutzt	84	benutzen
1095	'nen	83	einen
1096	jedes	83	jeder
1097	schätze	83	schätzen
1098	Finger	83	Finger
1099	wert	83	wert
1100	rüber	83	rüber
1101	halte	83	halten
1102	Falls	83	falls
1103	besonders	83	besonders
1104	Daddy	83	Daddy
1105	Witz	83	Witz
1106	nachdem	83	nachdem
1107	nimmt	82	nehmen
1108	Kontrolle	82	Kontrolle
1109	großartig	82	großartig
1110	Herzen	82	Herz
1111	gutes	82	gut
1112	gewonnen	82	gewinnen
1113	Bier	82	Bier
1114	kamen	82	kommen
1115	Drei	82	drei
1116	stolz	82	stolz
1117	Egal	81	egal
1118	komisch	81	komisch
1119	bitten	81	bitten
1120	Ihrer	81	ihrer;Ihrer
1121	plötzlich	81	plötzlich
1122	Bring	81	bringen
1123	Informationen	81	Information
1124	bring	81	bringen
1125	neu	80	neu
1126	glaubt	80	glauben
1127	Seid	80	sein
1128	hörte	80	hören
1129	rum	80	rum
1130	Lage	80	Lage
1131	sowieso	80	sowieso
1132	bekommt	80	bekommen
1133	Ruf	80	Ruf;rufen
1134	dagegen	80	dagegen
1135	Richtung	80	Richtung
1136	nötig	80	nötig
1137	Minute	80	Minute
1138	lesen	79	lesen
1139	behalten	79	behalten
1140	selber	79	selber
1141	verkaufen	79	verkaufen
1142	geschrieben	79	schreiben
1143	Entscheidung	79	Entscheidung
1144	unterwegs	79	unterwegs
1145	Insel	79	Insel
1146	Hotel	78	Hotel
1147	voller	78	voll
1148	frage	78	fragen
1149	Monat	78	Monat
1150	rufe	77	rufen
1151	verdient	77	verdienen
1152	gearbeitet	77	arbeiten
1153	wenigstens	77	wenigstens
1154	wünschte	77	wünschen
1155	tu	77	tun
1156	schöne	77	schön
1157	Selbst	77	selbst
1158	Seele	77	Seele
1159	stand	76	stehen
1160	Geist	76	Geist
1161	Gefahr	76	Gefahr
1162	Gefallen	76	Gefallen;gefallen;fallen
1163	unmöglich	76	unmöglich
1164	gelesen	76	lesen
1165	glaub	76	glauben
1166	Wegen	76	wegen
1167	bezahlt	76	bezahlen
1168	Schicksal	76	Schicksal
1169	verstehst	76	verstehen
1170	leider	76	leider
1171	Monaten	76	Monat
1172	Weile	76	Weile;weilen
1173	verheiratet	75	verheiraten
1174	mussten	75	müssen
1175	Agent	75	Agent
1176	rufen	75	rufen
1177	jemandem	75	jemand
1178	gib	75	geben
1179	Beispiel	75	Beispiel
1180	kalt	75	kalt
1181	sitzt	75	sitzen
1182	Anruf	75	Anruf
1183	Sekunde	75	Sekunde
1184	schneller	75	schnell
1185	hey	75	hey
1186	verdammte	75	verdammt;verdammen
1187	euer	74	euer
1188	hole	74	holen
1189	Denkst	74	denken
1190	Bauer	74	Bauer
1191	Karte	74	Karte
1192	aller	74	alle
1193	du's	74	du;es
1194	Befehl	74	Befehl;befehlen
1195	darfst	74	dürfen
1196	bekannt	74	bekannt;kennen
1197	Opfer	74	Opfer
1198	unglaublich	74	unglaublich
1199	steckt	74	stecken
1200	Ernst	74	ernst;Ernst
1201	unbedingt	74	unbedingt
1202	Wen	74	wen
1203	Zug	74	Zug
1204	perfekt	74	perfekt
1205	witzig	73	witzig
1206	Amerika	73	Amerika
1207	Keiner	73	keiner;kein
1208	Kamera	73	Kamera
1209	führt	73	führen
1210	passt	73	passen
1211	schlagen	73	schlagen
1212	kriegt	73	kriegen
1213	Glauben	73	glauben;Glauben
1214	sieh	73	sehen
1215	nennt	73	nennen
1216	bin's	73	sein;es
1217	Gefühle	73	Gefühl
1218	ständig	73	ständig
1219	verändert	72	verändern
1220	tolle	72	toll
1221	Gottes	72	Gott
1222	heiß	72	heiß;heißen
1223	Partner	72	Partner
1224	Mörder	72	Mörder
1225	folgen	72	folgen
1226	Mich	72	mich
1227	Computer	72	Computer
1228	dahin	72	dahin
1229	ansehen	72	ansehen
1230	Außerdem	72	außerdem
1231	Wovon	72	wovon
1232	nimm	72	nehmen
1233	klein	72	klein
1234	zerstört	71	zerstören
1235	suche	71	suchen
1236	I	71	i
1237	nämlich	71	nämlich
1238	Versuch	71	Versuch;versuchen
1239	schlimmer	71	schlimm
1240	Sheriff	71	Sheriff
1241	Unfall	71	Unfall
1242	müsste	71	müssen
1243	entschuldigen	71	entschuldigen
1244	Vorsicht	71	Vorsicht
1245	Nase	71	Nase
1246	sowas	71	sowas
1247	schießen	71	schießen
1248	alter	70	alt
1249	Geburtstag	70	Geburtstag
1250	beschützen	70	beschützen
1251	Zurück	70	zurück
1252	müde	70	müde
1253	Beziehung	70	Beziehung
1254	gestohlen	70	stehlen
1255	stirbt	70	sterben
1256	Geheimnis	70	Geheimnis
1257	süß	70	süß
1258	offen	70	offen
1259	Ihrem	70	ihrem;Ihrem
1260	Geschenk	70	Geschenk
1261	Punkt	69	Punkt
1262	Über	69	über
1263	hilft	69	helfen
1264	Dame	69	Dame
1265	bewegen	69	bewegen
1266	solange	69	solange
1267	sauer	69	sauer
1268	Tasche	69	Tasche
1269	Schritt	69	Schritt
1270	Sie's	69	Sie;sie;es
1271	Setz	69	setzen
1272	Arm	69	arm;Arm
1273	meinte	69	meinen
1274	müsst	69	müssen
1275	erwischt	69	erwischen
1276	gehabt	69	haben
1277	Bart	68	Bart
1278	vertrauen	68	vertrauen
1279	erreichen	68	erreichen
1280	wär	68	sein
1281	Gebäude	68	Gebäude
1282	Ähm	68	ähm
1283	versprochen	67	versprechen
1284	O	67	o
1285	fort	67	fort
1286	erledigt	67	erledigen
1287	Armee	67	Armee
1288	nahm	67	nehmen
1289	näher	67	nah
1290	weitere	67	weiterer
1291	Will	67	wollen
1292	Rücken	67	rücken;Rücken
1293	Chef	67	Chef
1294	Regierung	67	Regierung
1295	Preis	67	Preis
1296	Hm	66	hm
1297	Wunder	66	wundern;Wunder
1298	Verbindung	66	Verbindung
1299	Bescheid	66	Bescheid
1300	Boot	66	Boot
1301	Situation	66	Situation
1302	normal	66	normal
1303	erledigen	66	erledigen
1304	mußt	66	müssen
1305	Ehre	66	Ehre;ehren
1306	Planeten	66	Planet
1307	fürs	66	für
1308	darin	66	darin
1309	kriegst	65	kriegen
1310	ich's	65	ich;es
1311	drehen	65	drehen
1312	Denk	65	denken
1313	Prinzessin	65	Prinzessin
1314	Drogen	65	Droge
1315	Reise	65	Reise
1316	Mord	65	Mord
1317	Ob	65	ob
1318	Toll	65	toll
1319	schwöre	65	schwören
1320	Zeiten	65	Zeit
1321	Schlampe	65	Schlampe
1322	Regeln	65	Regel
1323	aussehen	65	aussehen
1324	Rede	65	Rede;reden
1325	verliebt	65	verlieben
1326	Position	65	Position
1327	redet	65	reden
1328	Scheisse	65	Scheisse
1329	Möglichkeit	64	Möglichkeit
1330	Sonne	64	Sonne
1331	hol	64	holen
1332	letzter	64	letzter
1333	Kontakt	64	Kontakt
1334	Könnte	64	können
1335	Damen	64	Dame
1336	deswegen	64	deswegen
1337	ähm	63	ähm
1338	gekauft	63	kaufen
1339	Schwert	63	Schwert
1340	Hunger	63	Hunger
1341	Frieden	63	Frieden
1342	persönlich	63	persönlich
1343	Blick	63	Blick
1344	Einzige	63	einziger
1345	Nachrichten	63	Nachricht
1346	Maul	63	Maul
1347	verraten	63	verraten
1348	Hoffnung	63	Hoffnung
1349	geboren	62	gebären
1350	Untertitel	62	Untertitel
1351	kaputt	62	kaputt
1352	Soldaten	62	Soldat
1353	eigene	62	eigener
1354	ans	62	ans
1355	übrig	62	übrig
1356	Muss	62	müssen
1357	hältst	62	halten
1358	aufhalten	62	aufhalten
1359	Zeichen	62	Zeichen
1360	Sofort	62	sofort
1361	dauert	62	dauern
1362	versteckt	62	verstecken
1363	tatsächlich	62	tatsächlich
1364	Schwein	62	Schwein
1365	Band	62	Band;binden
1366	Laß	62	lassen
1367	Haare	62	Haar
1368	wütend	62	wütend
1369	Hochzeit	62	Hochzeit
1370	schrecklich	61	schrecklich
1371	fühlt	61	fühlen
1372	Energie	61	Energie
1373	traurig	61	traurig
1374	sauber	61	sauber
1375	Leiche	61	Leiche
1376	links	61	links
1377	Kleine	61	klein
1378	super	61	super
1379	Bord	61	Bord
1380	möchten	61	mögen
1381	Erst	61	erst
1382	magst	61	mögen
1383	fangen	61	fangen
1384	gesucht	61	suchen
1385	beschäftigt	61	beschäftigen
1386	wisst	61	wissen
1387	weisst	61	wissen
1388	Wartet	61	warten
1389	erwarten	61	erwarten
1390	verschwunden	61	verschwinden
1391	Professor	61	Professor
1392	sobald	61	sobald
1393	geredet	60	reden
1394	Brief	60	Brief
1395	acht	60	acht
1396	Lauf	60	Lauf;laufen
1397	zeigt	60	zeigen
1398	Show	60	Show
1399	hübsch	60	hübsch
1400	sucht	60	suchen
1401	verkauft	60	verkaufen
1402	sagtest	60	sagen
1403	namens	60	namens
1404	Fernsehen	60	Fernsehen
1405	wohin	60	wohin
1406	Hol	60	holen
1407	ließ	60	lesen
1408	heiße	60	heißen
1409	fährt	60	fahren
1410	tanzen	60	tanzen
1411	nervös	60	nervös
1412	findest	59	finden
1413	gegessen	59	essen
1414	fehlt	59	fehlen
1415	Vergangenheit	59	Vergangenheit
1416	miteinander	59	miteinander
1417	deines	59	dein
1418	neben	59	neben
1419	Handy	59	Handy
1420	anderer	59	anderer
1421	tief	59	tief
1422	ran	59	ran
1423	Runter	59	runter
1424	Aufgabe	59	Aufgabe
1425	richtigen	59	richtig
1426	Foto	59	Foto
1427	schau	59	schauen
1428	verdammten	59	verdammt;verdammen
1429	Tee	59	Tee
1430	sieben	58	sieben
1431	Fuß	58	Fuß
1432	geschlafen	58	schlafen
1433	brauch	58	brauchen
1434	Kindern	58	Kinder
1435	Beine	58	Bein
1436	ewig	58	ewig
1437	absolut	58	absolut
1438	hm	58	hm
1439	schlechte	58	schlecht
1440	Unsinn	58	Unsinn
1441	ruf	58	rufen
1442	Treffen	58	treffen;Treffen
1443	irgendetwas	58	irgendetwas
1444	hörst	58	hören
1445	Bombe	58	Bombe
1446	bekam	57	bekommen
1447	Herrn	57	Herr
1448	Halten	57	halten
1449	gelassen	57	gelassen;lassen
1450	Tante	57	Tante
1451	angefangen	57	anfangen
1452	Hals	57	Hals
1453	vorne	57	vorne
1454	Bullen	57	Bulle
1455	Bank	57	Bank
1456	Weise	57	Weise
1457	verantwortlich	57	verantwortlich
1458	öffnen	57	öffnen
1459	schwierig	57	schwierig
1460	seh	57	sehen
1461	bleibe	57	bleiben
1462	rechts	57	rechts
1463	Operation	57	Operation
1464	Sollen	57	sollen
1465	Anwalt	56	Anwalt
1466	verspreche	56	versprechen
1467	bleibst	56	bleiben
1468	a	56	a
1469	Glückwunsch	56	Glückwunsch
1470	entscheiden	56	entscheiden
1471	entfernt	56	entfernt;entfernen
1472	brachte	56	bringen
1473	zerstören	56	zerstören
1474	Wahrscheinlich	56	wahrscheinlich
1475	Lied	56	Lied
1476	gespielt	56	spielen
1477	aussieht	56	aussehen
1478	Tun	56	tun;Tun
1479	Lust	56	Lust
1480	Vaters	56	Vater
1481	Uh	56	uh
1482	Meinst	56	meinen
1483	Bilder	56	Bild
1484	uh	56	uh
1485	kriege	56	kriegen
1486	Feind	56	Feind
1487	Händen	56	Hand
1488	jung	56	jung
1489	Ball	56	Ball
1490	stecken	56	stecken
1491	Sobald	56	sobald
1492	Reden	56	Rede;reden
1493	geholfen	56	helfen
1494	gleichen	56	gleich
1495	gehören	56	gehören
1496	wach	55	wach
1497	genannt	55	nennen
1498	zahlen	55	zahlen
1499	nahe	55	nahe
1500	Aufnahme	55	Aufnahme
1501	Achtung	55	Achtung
1502	gleiche	55	gleich
1503	Viele	55	viel
1504	Mission	55	Mission
1505	bekomme	55	bekommen
1506	laut	55	laut
1507	Schmerz	55	Schmerz
1508	Ehrlich	55	ehrlich
1509	Schlag	55	Schlag;schlagen
1510	Jawohl	55	jawohl
1511	Fleisch	55	Fleisch
1512	legen	55	legen
1513	möchtest	55	mögen
1514	Verstehst	54	verstehen
1515	Wozu	54	wozu
1516	Weihnachten	54	Weihnachten
1517	Erinnerst	54	erinnern
1518	Zieh	54	ziehen
1519	Schwierigkeiten	54	Schwierigkeit
1520	Park	54	Park
1521	Durch	54	durch
1522	Bleiben	54	bleiben
1523	wussten	54	wissen
1524	meint	54	meinen
1525	Gesellschaft	54	Gesellschaft
1526	gebeten	54	bitten
1527	erhalten	54	erhalten
1528	bedeuten	54	bedeuten
1529	Kennst	54	kennen
1530	verstecken	54	verstecken
1531	Respekt	54	Respekt
1532	dasselbe	54	dasselbe
1533	Gehirn	54	Gehirn
1534	entschieden	54	entschieden;entscheiden
1535	zieht	54	ziehen
1536	liebst	54	lieben
1537	dachten	53	denken
1538	Witze	53	Witz
1539	na	53	na
1540	sorgen	53	sorgen
1541	All	53	all
1542	Volk	53	Volk
1543	Rat	53	Rat;raten
1544	lebe	53	leben
1545	Präsidenten	53	Präsident
1546	Schuhe	53	Schuh
1547	Monster	53	Monster
1548	dauern	53	dauern
1549	Beweise	53	Beweis
1550	Hälfte	53	Hälfte
1551	schauen	53	schauen
1552	Kirche	53	Kirche
1553	Eines	53	eines
1554	Hintern	53	Hintern
1555	Spur	53	Spur
1556	Lehrer	53	Lehrer
1557	Hilf	53	helfen
1558	Gold	53	Gold
1559	Denken	53	denken;Denken
1560	lieb	52	lieb;lieben
1561	wunderbar	52	wunderbar
1562	Güte	52	Güte
1563	lasst	52	lassen
1564	geliebt	52	lieben
1565	fahre	52	fahren
1566	Loch	52	Loch
1567	geschlagen	52	schlagen
1568	ganzes	52	ganz
1569	wunderschön	52	wunderschön
1570	lachen	52	lachen
1571	beweisen	52	beweisen
1572	Zeig	52	zeigen
1573	Kleiner	52	klein
1574	gegenüber	52	gegenüber
1575	Bus	52	Bus
1576	großes	52	groß
1577	Verstand	52	Verstand;verstehen
1578	trägt	51	tragen
1579	herausfinden	51	herausfinden
1580	gewartet	51	warten
1581	niemandem	51	niemand
1582	Gegend	51	Gegend
1583	Bevor	51	bevor
1584	schönen	51	schön;schönen
1585	seltsam	51	seltsam
1586	bewegt	51	bewegen
1587	Haut	51	Haut
1588	Fotos	51	Foto
1589	nah	51	nah
1590	Angriff	51	Angriff
1591	Erzähl	51	erzählen
1592	interessant	51	interessant
1593	Schlaf	51	Schlaf;schlafen
1594	Wind	51	Wind
1595	Messer	51	Messer
1596	lag	51	liegen
1597	fürchte	51	fürchten
1598	beginnt	51	beginnen
1599	Weiter	51	weit
1600	überrascht	51	überraschen
1601	Stell	51	stellen
1602	gefangen	51	fangen
1603	bleib	51	bleiben
1604	Bein	51	Bein
1605	Eier	51	Ei
1606	singen	51	singen
1607	seht	51	sehen
1608	Überraschung	50	Überraschung
1609	Dorf	50	Dorf
1610	besorgen	50	besorgen
1611	Glas	50	Glas
1612	Fünf	50	fünf
1613	Einfach	50	einfach
1614	besuchen	50	besuchen
1615	geändert	50	ändern
1616	beginnen	50	beginnen
1617	echte	50	echt
1618	Pferd	50	Pferd
1619	Held	50	Held
1620	Taxi	50	Taxi
1621	Freunden	50	Freund
1622	mitnehmen	50	mitnehmen
1623	Gruppe	50	Gruppe
1624	Sorry	50	sorry
1625	besorgt	50	besorgt;besorgen
1626	System	50	System
1627	Gleich	50	gleich
1628	Würde	50	werden
1629	ruft	50	rufen
1630	Fahren	50	fahren;Fahren
1631	Steh	49	stehen
1632	nimmst	49	nehmen
1633	Obwohl	49	obwohl
1634	Bringt	49	bringen
1635	falschen	49	falsch
1636	leisten	49	leisten
1637	schwanger	49	schwanger
1638	Fahr	49	fahren
1639	Adresse	49	Adresse
1640	gemeinsam	49	gemeinsam
1641	entkommen	49	entkommen
1642	übel	49	übel
1643	vermisst	49	vermissen
1644	Lady	49	Lady
1645	Küche	49	Küche
1646	Flug	49	Flug
1647	Besuch	49	Besuch
1648	hängt	49	hängen
1649	werfen	49	werfen
1650	falsche	49	falsch
1651	Sogar	49	sogar
1652	Ring	49	Ring
1653	Verschwinde	49	verschwinden
1654	überleben	49	überleben
1655	Gesetz	49	Gesetz
1656	Tor	49	Tor
1657	Wald	49	Wald
1658	ungefähr	49	ungefähr
1659	Patienten	49	Patient
1660	Maschine	49	Maschine
1661	Könnten	49	können
1662	junge	49	jung
1663	Fräulein	49	Fräulein
1664	gehts	49	gehen
1665	Ehe	49	Ehe
1666	Würden	48	werden
1667	Schauspieler	48	Schauspieler
1668	Dach	48	Dach
1669	Übersetzung	48	Übersetzung
1670	kannte	48	kennen
1671	Bringen	48	bringen
1672	wir's	48	wir;es
1673	drinnen	48	drinnen
1674	Wisst	48	wissen
1675	Während	48	während
1676	Tat	48	Tat;tun
1677	Suche	48	Suche;suchen
1678	Letzte	48	letzter
1679	blöd	48	blöd
1680	Blumen	48	Blume
1681	Setzen	48	setzen
1682	Freiheit	48	Freiheit
1683	seines	48	sein
1684	Ecke	48	Ecke
1685	Wäre	48	sein
1686	Knast	48	Knast
1687	Karten	48	Karte
1688	pro	48	pro
1689	Leg	48	legen
1690	helfe	48	helfen
1691	oh	48	oh
1692	Wein	48	Wein;weinen
1693	wette	47	wetten
1694	Vergnügen	47	vergnügen;Vergnügen
1695	Uns	47	uns
1696	Unterschied	47	Unterschied
1697	Lieber	47	lieb
1698	Verbrechen	47	verbrechen;Verbrechen
1699	gibst	47	geben
1700	Vertrauen	47	vertrauen;Vertrauen
1701	gesund	47	gesund
1702	Deswegen	47	deswegen
1703	zweite	47	zweiter
1704	Hörst	47	hören
1705	erkennen	47	erkennen
1706	Meter	47	Meter
1707	euren	47	euer
1708	weder	47	weder
1709	Schüler	47	Schüler
1710	obwohl	47	obwohl
1711	bisher	47	bisher
1712	welcher	47	welcher
1713	Mut	47	Mut
1714	davor	47	davor
1715	Bar	47	Bar
1716	wohnen	47	wohnen
1717	Dem	47	der
1718	Echt	47	echt
1719	statt	47	statt
1720	Pause	47	Pause
1721	Neues	47	neu
1722	Auftrag	47	Auftrag
1723	Hoffentlich	47	hoffentlich
1724	Tschüss	47	tschüss
1725	Wand	47	Wand
1726	schreit	47	schreien
1727	Männern	47	Mann
1728	Kennen	47	kennen
1729	spreche	46	sprechen
1730	kostet	46	kosten
1731	Zuerst	46	zuerst
1732	Erfolg	46	Erfolg
1733	Wofür	46	wofür
1734	soweit	46	soweit
1735	Möchtest	46	mögen
1736	Meinen	46	mein
1737	teilen	46	teilen
1738	erschossen	46	erschießen
1739	entlang	46	entlang
1740	Eis	46	Eis
1741	'nem	46	ein
1742	Amerikaner	46	Amerikaner
1743	Abendessen	46	Abendessen
1744	Mistkerl	46	Mistkerl
1745	übernehmen	46	übernehmen
1746	Irgendwas	46	irgendwas
1747	danken	46	danken
1748	irgendwann	46	irgendwann
1749	gebaut	46	bauen
1750	schützen	46	schützen
1751	beenden	46	beenden
1752	Super	46	Super
1753	Polizist	46	Polizist
1754	gefahren	46	fahren
1755	Bericht	46	Bericht
1756	wovon	46	wovon
1757	Test	45	Test
1758	Monsieur	45	Monsieur
1759	Arme	45	Arm;arm
1760	wüsste	45	wissen
1761	woher	45	woher
1762	Majestät	45	Majestät
1763	Fertig	45	fertig
1764	versteht	45	verstehen
1765	trifft	45	treffen
1766	Meer	45	Meer
1767	Hut	45	Hut
1768	zuvor	45	zuvor
1769	lief	45	laufen
1770	Haltet	45	halten
1771	Zeitung	45	Zeitung
1772	Mami	45	Mami
1773	schuldig	45	schuldig
1774	bauen	45	bauen
1775	Freude	45	Freude
1776	zufrieden	45	zufrieden
1777	Zuhause	45	Zuhause
1778	versuchte	45	versuchen
1779	Drink	45	Drink
1780	Niemals	45	niemals
1781	sprach	45	sprechen
1782	indem	45	indem
1783	gemeint	45	meinen
1784	fühlst	45	fühlen
1785	deren	45	deren
1786	Quatsch	45	Quatsch
1787	Kugel	45	Kugel
1788	Klingt	45	klingen
1789	hielt	45	halten
1790	Gericht	45	Gericht
1791	furchtbar	45	furchtbar
1792	Würdest	45	werden
1793	Wirst	45	werden
1794	verpasst	45	verpassen
1795	Ohren	45	Ohr
1796	Rose	45	Rose
1797	neuer	45	neu
1798	fanden	45	finden
1799	Haufen	45	Haufen
1800	Drehbuch	45	Drehbuch
1801	Gutes	44	gut
1802	Schätzchen	44	Schätzchen
1803	Deal	44	Deal
1804	Ma'am	44	Ma'am
1805	Haar	44	Haar
1806	stehe	44	stehen
1807	fassen	44	fassen
1808	Ehemann	44	Ehemann
1809	funktionieren	44	funktionieren
1810	fragte	44	fragen
1811	verhaftet	44	verhaften
1812	drüber	44	drüber
1813	Sergeant	44	Sergeant
1814	stimmt's	44	stimmen;es
1815	Verantwortung	44	Verantwortung
1816	Major	44	Major
1817	feiern	44	feiern
1818	Bücher	44	Buch
1819	kümmere	44	kümmern
1820	ähnlich	44	ähnlich
1821	unterhalten	44	unterhalten
1822	Stein	44	Stein
1823	kümmert	44	kümmern
1824	nächstes	44	nächster
1825	gewusst	44	wissen
1826	Beim	44	bei
1827	schöner	43	schön
1828	aufpassen	43	aufpassen
1829	Unglaublich	43	unglaublich
1830	Katze	43	Katze
1831	geschieht	43	geschehen
1832	Brüder	43	Bruder
1833	mitgebracht	43	mitbringen
1834	unseres	43	unser
1835	Verstehe	43	verstehen
1836	Lord	43	Lord
1837	letztes	43	letzter
1838	dessen	43	dessen
1839	Vier	43	vier
1840	mitten	43	mitten
1841	erinnert	43	erinnern
1842	Wahnsinn	43	Wahnsinn
1843	vorhin	43	vorhin
1844	Neuigkeiten	43	Neuigkeit
1845	setzt	43	setzen
1846	klasse	43	klasse
1847	Einige	43	einige
1848	zufällig	43	zufällig
1849	Kleid	43	Kleid
1850	Jedenfalls	43	jedenfalls
1851	Angebot	43	Angebot
1852	erklärt	43	erklären
1853	stellt	43	stellen
1854	Restaurant	43	Restaurant
1855	Kommst	43	kommen
1856	Zur	43	zu
1857	Serie	43	Serie
1858	melden	43	melden
1859	Brücke	43	Brücke
1860	Erinnerungen	43	Erinnerung
1861	gestellt	43	stellen
1862	Sagt	42	sagen
1863	Schmerzen	42	Schmerz
1864	besteht	42	bestehen
1865	verdienen	42	verdienen
1866	hallo	42	hallo
1867	offensichtlich	42	offensichtlich
1868	Fisch	42	Fisch
1869	hängen	42	hängen
1870	Gelegenheit	42	Gelegenheit
1871	Endlich	42	endlich
1872	Möchten	42	mögen
1873	konntest	42	können
1874	bekommst	42	bekommen
1875	Idioten	42	Idiot
1876	Virus	42	Virus
1877	größte	42	groß
1878	gingen	42	gehen
1879	Strand	42	Strand
1880	geplant	42	planen
1881	betrunken	42	betrunken;trinken
1882	fängt	42	fangen
1883	keinem	42	kein
1884	bringst	42	bringen
1885	Süße	42	Süße;süß
1886	irgendwelche	42	irgendwelche
1887	Thema	42	Thema
1888	Date	42	Date
1889	Stellen	42	Stelle;stellen
1890	machten	42	machen
1891	diesmal	42	diesmal
1892	Guck	42	gucken
1893	Figur	42	Figur
1894	Weisst	42	wissen
1895	ne	42	ne
1896	brechen	42	brechen
1897	lacht	41	lachen
1898	Gar	41	gar
1899	angetan	41	angetan
1900	Paar	41	Paar
1901	Druck	41	Druck;drucken
1902	mitkommen	41	mitkommen
1903	reich	41	reich
1904	Nie	41	nie
1905	Fluss	41	Fluss
1906	wirkt	41	wirken
1907	Werden	41	werden
1908	traf	41	treffen
1909	schließlich	41	schließlich
1910	Richtige	41	richtig
1911	Gewalt	41	Gewalt
1912	gelaufen	41	laufen
1913	Daten	41	Daten
1914	Hunde	41	Hund
1915	Großvater	41	Großvater
1916	wahre	41	wahr
1917	nachgedacht	41	nachdenken
1918	Falle	41	Falle
1919	eigenes	41	eigener
1920	Gang	41	Gang;gehen
1921	sahen	41	sehen
1922	erreicht	41	erreichen
1923	Willen	41	Willen
1924	solchen	41	solcher
1925	schlechter	41	schlecht
1926	einzigen	41	einziger
1927	willkommen	40	willkommen
1928	ermordet	40	ermorden
1929	Tiere	40	Tier
1930	Sollte	40	sollen
1931	'ner	40	ein
1932	längst	40	längst
1933	Autos	40	Auto
1934	Hätte	40	haben
1935	wohnt	40	wohnen
1936	krieg	40	kriegen
1937	fiel	40	fallen
1938	Hose	40	Hose
1939	leiden	40	leiden
1940	Hau	40	hauen
1941	sprichst	40	sprechen
1942	freue	40	freuen
1943	Außer	40	außer
1944	gebrochen	40	brechen
1945	Baum	40	Baum
1946	gehalten	40	halten
1947	Träume	40	Traum
1948	Reihe	40	Reihe
1949	stelle	40	stellen
1950	Medizin	40	Medizin
1951	halb	40	halb
1952	gezeigt	40	zeigen
1953	Meilen	40	Meile
1954	Lieutenant	40	Lieutenant
1955	hieß	40	heißen
1956	Wunsch	40	Wunsch
1957	erster	40	erster
1958	Befehle	40	Befehl
1959	Bastard	40	Bastard
1960	rief	40	rufen
1961	Nachdem	40	nachdem
1962	Toten	40	tot
1963	Frühstück	40	Frühstück
1964	schaffst	40	schaffen
1965	ihres	40	ihr
1966	hat's	40	haben;es
1967	aufgeben	39	aufgeben
1968	Gespräch	39	Gespräch
1969	Engel	39	Engel
1970	verbringen	39	verbringen
1971	Terroristen	39	Terrorist
1972	Erfahrung	39	Erfahrung
1973	brauchte	39	brauchen
1974	schätzen	39	schätzen
1975	seien	39	sein
1976	Nehmt	39	nehmen
1977	Bad	39	Bad
1978	Vogel	39	Vogel
1979	Wochenende	39	Wochenende
1980	neun	39	neun
1981	fantastisch	39	fantastisch
1982	Bleibt	39	bleiben
1983	zweiten	39	zweiter
1984	vollkommen	39	vollkommen
1985	Unter	39	unter
1986	verfolgen	39	verfolgen
1987	schläft	39	schlafen
1988	bemerkt	39	bemerken
1989	Marge	39	Marge
1990	Erste	39	erster
1991	erinnerst	39	erinnern
1992	Deinen	39	dein
1993	Wichser	39	Wichser
1994	Signal	39	Signal
1995	Wollt	39	wollen
1996	Wieder	39	wieder
1997	schließen	39	schließen
1998	Pistole	39	Pistole
1999	lächerlich	39	lächerlich
2000	Filme	39	Film
