1	que	6707718
2	não	5355432
3	de	4648924
4	um	2401671
5	para	2127713
6	eu	2030865
7	se	1961398
8	me	1747340
9	uma	1721728
10	está	1560804
11	com	1440417
12	do	1326397
13	por	1318259
14	te	1184195
15	os	1152823
16	bem	1122829
17	em	1113076
18	ele	1110930
19	isso	1059554
20	mas	1043406
21	da	1023418
22	como	1000426
23	no	859617
24	sim	843555
25	as	816522
26	mais	777978
27	na	769683
28	meu	764238
29	você	740262
30	aqui	732159
31	muito	643585
32	foi	632389
33	estou	613532
34	vamos	610796
35	ela	591683
36	fazer	590100
37	vai	581657
38	isto	571446
39	já	552941
40	tem	550585
41	só	524018
42	minha	510412
43	nos	508580
44	ser	505828
45	tudo	502366
46	ao	493170
47	tenho	489679
48	vou	482399
49	sei	464329
50	agora	464240
51	há	458923
52	lá	447380
53	tu	446256
54	quando	436845
55	porque	420943
56	estás	415214
57	quem	396178
58	onde	392366
59	nada	386779
60	ter	385897
61	então	384139
62	dizer	383113
63	lhe	369592
64	seu	368742
65	era	366306
66	sou	356720
67	ou	356590
68	coisa	356352
69	quero	353642
70	são	343012
71	sua	341840
72	pode	336746
73	nós	316828
74	mesmo	314631
75	ver	308597
76	disse	308087
77	eles	307179
78	bom	305988
79	estava	304455
80	esta	303931
81	todos	302777
82	mim	295436
83	posso	292576
84	dos	292390
85	lo	290519
86	estão	285642
87	temos	284748
88	nunca	280602
89	este	279667
90	casa	274360
91	até	273147
92	assim	265730
93	acho	261756
94	quer	261478
95	tens	259203
96	tempo	254840
97	ir	252454
98	falar	249269
99	quê	248797
100	ainda	248325
101	tua	245313
102	teu	241135
103	favor	240939
104	pai	236582
105	também	236272
106	obrigado	235731
107	vez	235155
108	deus	234492
109	certo	227682
110	tão	225317
111	sobre	224142
112	melhor	223529
113	noite	221449
114	és	219447
115	dia	213429
116	estamos	212978
117	talvez	209250
118	nem	207661
119	depois	207389
120	sempre	206406
121	sabe	206097
122	mãe	205542
123	vida	203269
124	sem	201408
125	alguém	199861
126	olá	198790
127	anos	197940
128	sabes	191983
129	ti	189671
130	homem	188336
131	dele	186355
132	alguma	185743
133	das	184180
134	algo	182207
135	parece	180766
136	sr	179648
137	tinha	179371
138	senhor	179166
139	boa	178679
140	vais	178199
141	coisas	177070
142	estar	176987
143	faz	174067
144	queres	169360
145	vocês	169324
146	dois	169041
147	ficar	168977
148	pelo	167310
149	preciso	167221
150	aí	164121
151	diz	163022
152	claro	162930
153	pessoas	159461
154	essa	158713
155	verdade	158423
156	dar	155936
157	esse	155683
158	antes	154589
159	ninguém	152007
160	tipo	150708
161	la	149942
162	vão	144475
163	trabalho	143934
164	oh	142958
165	grande	141965
166	comigo	141332
167	outra	140265
168	apenas	140220
169	espera	138945
170	saber	136873
171	vá	135726
172	podes	135329
173	pouco	133755
174	dinheiro	133070
175	qual	131912
176	qualquer	129989
177	pois	129953
178	podemos	129288
179	fora	129217
180	pela	128082
181	merda	127982
182	deve	126628
183	daqui	126203
184	olha	125566
185	cá	124044
186	filho	123365
187	disso	123036
188	toda	122246
189	hoje	122225
190	mulher	121309
191	meus	120397
192	todo	118650
193	nome	117972
194	seja	117458
195	num	117330
196	desculpa	116727
197	outro	113117
198	nosso	113050
199	nossa	112395
200	sair	112119
201	queria	111055
202	sério	110328
203	dá	110108
204	mundo	109743
205	quanto	108631
206	seus	108241
207	certeza	107406
208	mal	107373
209	dela	107016
210	têm	106843
211	amigo	106666
212	volta	106617
213	às	106169
214	carro	104885
215	três	103840
216	passa	102699
217	embora	102335
218	fez	101651
219	novo	101427
220	aconteceu	99829
221	deixa	99655
222	problema	98954
223	menos	97799
224	vem	97774
225	nas	97697
226	lugar	96887
227	consigo	96299
228	será	96022
229	dentro	95675
230	pensar	95672
231	ok	95275
232	vezes	94545
233	lado	94358
234	primeiro	93488
235	contigo	93362
236	numa	92607
237	todas	92352
238	tentar	91819
239	vi	91351
240	aos	90930
241	parte	89714
242	cara	89031
243	ei	88851
244	ali	88821
245	voltar	88781
246	algum	88430
247	hora	86407
248	porquê	86119
249	anda	85761
250	desculpe	85563
251	vê	85545
252	ajudar	85207
253	aquele	84715
254	obrigada	84629
255	querida	84464
256	sinto	83910
257	pensei	81957
258	los	81556
259	homens	80979
260	duas	80684
261	dias	80651
262	sabia	80519
263	fui	80460
264	matar	80141
265	gente	79352
266	uns	79216
267	gosto	79124
268	razão	78711
269	vos	78593
270	atrás	78466
271	deixar	77906
272	cabeça	77857
273	podem	77493
274	amor	77108
275	fica	76107
276	achas	75922
277	somos	75501
278	pronto	75501
279	família	75201
280	horas	75039
281	entre	74670
282	ajuda	74032
283	frente	72875
284	tal	72729
285	polícia	71849
286	ideia	71833
287	tarde	71259
288	suas	71198
289	porta	71195
290	passar	71123
291	tenha	70687
292	amigos	70685
293	ouvir	70640
294	precisa	70482
295	fiz	70393
296	encontrar	70270
297	deles	70207
298	ia	69763
299	nenhum	69740
300	momento	69640
301	devia	69591
302	acha	69583
303	aquilo	69245
304	cidade	69043
305	cima	68972
306	minutos	68921
307	desde	68746
308	foram	68397
309	si	68234
310	pessoa	67886
311	entrar	67760
312	pra	67608
313	diga	67026
314	morrer	66955
315	nova	66744
316	podia	66725
317	seria	66698
318	caso	66201
319	chegar	66106
320	outros	66057
321	tanto	66036
322	morto	65780
323	levar	65642
324	amanhã	65580
325	forma	65225
326	quase	64570
327	fosse	64557
328	medo	64519
329	lhes	63423
330	história	63227
331	conta	63121
332	óptimo	63082
333	contra	62085
334	irmão	61800
335	sido	61035
336	minhas	61012
337	aquela	60731
338	arma	60491
339	caminho	60131
340	morte	59938
341	sorte	59864
342	enquanto	59550
343	vir	59371
344	cuidado	59358
345	primeira	59210
346	cada	59163
347	deixe	59077
348	semana	58867
349	feliz	58007
350	trabalhar	57910
351	precisamos	57769
352	alguns	57587
353	espero	57505
354	maneira	57405
355	tive	57347
356	olhos	57217
357	faço	57134
358	ano	57000
359	vejo	56813
360	rapaz	56647
361	fala	56535
362	durante	56489
363	acabou	56448
364	desta	56429
365	pessoal	56288
366	pára	56227
367	quarto	56071
368	estes	55953
369	feito	55508
370	neste	55106
371	for	54591
372	mãos	54137
373	sangue	54098
374	fim	53324
375	acontecer	53276
376	dr	53019
377	ouve	52853
378	faça	52843
379	estas	52593
380	adeus	52427
381	querem	52329
382	causa	52275
383	meio	52144
384	filha	51928
385	água	51852
386	juntos	51640
387	lamento	51599
388	perto	51535
389	teus	51432
390	jogo	50954
391	cinco	50670
392	umas	50653
393	importante	50579
394	última	50378
395	logo	50293
396	manhã	50220
397	chefe	50159
398	senhora	50156
399	acredito	50039
400	nossos	49859
401	calma	49693
402	poder	49669
403	única	49559
404	querido	49541
405	ouvi	49410
406	deu	49362
407	terra	49285
408	disto	49210
409	guerra	49115
410	rápido	49031
411	algumas	48860
412	realmente	48856
413	poderia	48541
414	digo	48315
415	contar	48196
416	amo	48118
417	mão	47939
418	nisso	47899
419	baixo	47797
420	difícil	47278
421	começar	47188
422	viu	47084
423	comer	46647
424	ah	46608
425	espere	46559
426	mesma	46463
427	deste	46022
428	problemas	45852
429	capitão	45672
430	corpo	45631
431	dólares	45376
432	importa	45354
433	número	45141
434	usar	45103
435	disseste	45057
436	maior	44871
437	segundo	44855
438	significa	44843
439	escola	44615
440	sabem	44580
441	parar	44499
442	dormir	44414
443	andar	44327
444	quatro	44279
445	segurança	44070
446	coração	43983
447	raio	43825
448	havia	43755
449	sai	43698
450	teve	43620
451	buscar	43578
452	presidente	43500
453	nenhuma	43364
454	agente	43149
455	chega	43105
456	rapazes	43062
457	pequeno	43012
458	idiota	42801
459	fizeste	42626
460	tirar	42504
461	morreu	42393
462	força	42194
463	sabemos	42145
464	ontem	42122
465	prazer	42077
466	procura	42043
467	viver	41985
468	mau	41791
469	estado	41751
470	sentir	41650
471	meses	41648
472	chama	41451
473	festa	41319
474	mulheres	41289
475	pedir	41131
476	conheço	41062
477	crianças	40876
478	devo	40560
479	rapariga	40374
480	perder	40306
481	sra	40293
482	pergunta	40287
483	marido	40254
484	eram	40243
485	fazes	40131
486	altura	40112
487	porra	40093
488	olhe	40061
489	olhar	39727
490	velho	39695
491	muitas	39658
492	mil	39177
493	filhos	39068
494	näo	39005
495	trás	38863
496	fazendo	38585
497	muitos	38573
498	equipa	38506
499	pais	38486
500	telefone	38470
501	acabar	38424
502	dê	38337
503	teria	38244
504	possível	38203
505	depressa	38190
506	elas	38144
507	venha	38093
508	esperar	37997
509	muita	37722
510	tomar	37646
511	pena	37628
512	gosta	37576
513	armas	37519
514	nesta	37446
515	vivo	37369
516	vindo	37338
517	tivesse	37072
518	longe	37058
519	penso	36970
520	acordo	36940
521	demais	36624
522	vossa	36599
523	pensa	36555
524	errado	36506
525	conseguir	36433
526	gostaria	36387
527	estranho	36321
528	veio	36297
529	fácil	36168
530	sente	36006
531	essas	35945
532	brincar	35938
533	licença	35724
534	suficiente	35693
535	seis	35683
536	mudar	35533
537	passado	35443
538	estavam	35322
539	plano	35218
540	fogo	35180
541	livro	35175
542	esses	35108
543	irmã	35067
544	dizem	34963
545	falta	34886
546	fazem	34481
547	jantar	34383
548	rei	34351
549	devias	34310
550	matou	34291
551	cama	34245
552	leva	34172
553	nossas	34142
554	foste	34094
555	sozinho	34045
556	adoro	33955
557	exactamente	33897
558	paz	33891
559	tuas	33792
560	além	33760
561	pôr	33740
562	palavra	33675
563	sala	33616
564	consegue	33433
565	pagar	33378
566	seguir	33292
567	possa	33277
568	atenção	33185
569	fique	33118
570	passou	32994
571	comida	32887
572	ar	32856
573	culpa	32689
574	pelos	32657
575	ficou	32647
576	ligar	32624
577	bastante	32571
578	continua	32525
579	correr	32410
580	estavas	32302
581	precisas	32035
582	boca	32018
583	luz	32005
584	outras	31974
585	único	31918
586	menina	31848
587	deixou	31745
588	casamento	31717
589	acreditar	31664
590	médico	31626
591	próprio	31606
592	semanas	31603
593	chegou	31470
594	fico	31343
595	minuto	31326
596	especial	31244
597	chamar	31210
598	lembro	31130
599	forte	30969
600	esteja	30928
601	perguntar	30865
602	mostrar	30748
603	filme	30748
604	sequer	30637
605	provavelmente	30547
606	país	30487
607	cala	30469
608	houve	30393
609	pé	30393
610	partir	30387
611	fazê	30341
612	diferente	30262
613	pior	30259
614	rua	30242
615	deveria	30224
616	próxima	30206
617	café	30087
618	direito	29967
619	existe	29932
620	boas	29861
621	resto	29773
622	quiser	29704
623	pare	29685
624	toma	29562
625	quis	29527
626	viste	29308
627	lembra	29240
628	hospital	29140
629	estive	29099
630	arranjar	29058
631	portanto	28897
632	continuar	28855
633	descobrir	28837
634	conhece	28783
635	bebé	28717
636	sam	28713
637	sexo	28700
638	manter	28664
639	visto	28659
640	las	28650
641	jogar	28369
642	vim	28338
643	encontrei	28333
644	demasiado	28330
645	vosso	28316
646	ai	28250
647	raios	28203
648	ponto	28166
649	sentido	28137
650	dez	28127
651	milhões	28114
652	puta	28085
653	sinal	28068
654	aqueles	28048
655	ganhar	28024
656	haver	27923
657	querer	27907
658	consegues	27848
659	devem	27646
660	seguro	27610
661	criança	27597
662	último	27580
663	sistema	27540
664	gostava	27515
665	prisão	27507
666	cão	27429
667	queremos	27414
668	linda	27406
669	esposa	27392
670	local	27392
671	peço	27322
672	música	27272
673	acontece	27218
674	sítio	27218
675	irá	27198
676	trouxe	27150
677	esteve	27135
678	pequena	27124
679	conhecer	27018
680	precisar	26954
681	salvar	26937
682	oportunidade	26927
683	fazemos	26903
684	mr	26890
685	encontro	26780
686	capaz	26708
687	comprar	26645
688	avião	26493
689	achei	26427
690	vês	26343
691	chão	26309
692	natal	26237
693	jesus	26234
694	mortos	26234
695	jovem	26178
696	negócio	26151
697	banho	25977
698	beber	25943
699	grandes	25934
700	livre	25928
701	alto	25896
702	situação	25815
703	miúdo	25777
704	sob	25738
705	connosco	25698
706	tratar	25691
707	nao	25679
708	deves	25607
709	cedo	25545
710	veja	25477
711	apanhar	25468
712	entra	25431
713	futuro	25428
714	próximo	25243
715	entendo	25188
716	nave	24996
717	final	24973
718	vontade	24940
719	cabelo	24910
720	certa	24886
721	general	24832
722	perfeito	24828
723	dou	24787
724	lembras	24720
725	respeito	24680
726	devemos	24654
727	nisto	24632
728	lindo	24514
729	bonito	24390
730	guarda	24386
731	ordem	24283
732	miúda	24177
733	disseram	24176
734	preocupes	24175
735	perguntas	24147
736	interessa	24138
737	oi	24082
738	põe	24072
739	questão	24055
740	mensagem	23876
741	palavras	23874
742	começou	23847
743	senhores	23830
744	falando	23758
745	gajo	23753
746	notícias	23752
747	acabei	23708
748	estiver	23684
749	estávamos	23593
750	louco	23570
751	tira	23562
752	vista	23550
753	campo	23485
754	linha	23461
755	tinhas	23449
756	mesa	23442
757	finalmente	23397
758	própria	23385
759	assassino	23370
760	droga	23329
761	fizeram	23283
762	emprego	23276
763	amiga	23270
764	barco	23248
765	conversa	23241
766	terá	23194
767	faria	23189
768	simples	23147
769	missão	23137
770	viagem	23120
771	tom	23059
772	ataque	22946
773	consegui	22907
774	nessa	22836
775	gostas	22828
776	bonita	22788
777	grupo	22757
778	real	22708
779	completamente	22692
780	doente	22622
781	bocado	22575
782	abrir	22546
783	dessa	22537
784	ler	22452
785	tio	22450
786	pelas	22441
787	doutor	22430
788	lista	22392
789	crime	22325
790	novamente	22310
791	procurar	22306
792	chamada	22244
793	segunda	22236
794	acredita	22214
795	quiseres	22206
796	daí	22191
797	normal	22170
798	relação	22152
799	modo	22077
800	resposta	22047
801	sol	22006
802	desse	21946
803	viva	21943
804	lutar	21938
805	aonde	21849
806	tipos	21844
807	dizes	21839
808	saia	21832
809	estúpido	21809
810	meia	21791
811	assunto	21738
812	deixem	21730
813	melhores	21663
814	escritório	21651
815	serviço	21651
816	facto	21647
817	dor	21624
818	casar	21596
819	David	21594
820	dito	21593
821	exército	21565
822	fundo	21559
823	fugir	21553
824	acidente	21517
825	faças	21484
826	segundos	21460
827	nesse	21400
828	vale	21398
829	fixe	21373
830	george	21328
831	sonho	21214
832	nele	21135
833	quantos	21078
834	escuta	21067
835	ambos	21022
836	graças	21022
837	papá	20968
838	preso	20965
839	tinham	20932
840	professor	20922
841	trazer	20914
842	ajudá	20878
843	dei	20856
844	pensas	20854
845	fiquei	20848
846	sete	20847
847	esperem	20828
848	roupa	20803
849	hotel	20777
850	verdadeiro	20769
851	devíamos	20740
852	fantástico	20718
853	creio	20698
854	espaço	20679
855	idade	20655
856	bons	20653
857	tocar	20625
858	olho	20603
859	companhia	20576
860	saiu	20568
861	conseguiu	20504
862	jeito	20470
863	pensava	20465
864	escolha	20457
865	levou	20449
866	iria	20404
867	mente	20397
868	estivesse	20363
869	caixa	20327
870	ouça	20312
871	sozinha	20281
872	tiro	20252
873	programa	20212
874	esquerda	20110
875	breve	20084
876	parabéns	19976
877	voz	19971
878	chave	19963
879	gostar	19961
880	engraçado	19932
881	diabo	19916
882	costas	19907
883	informação	19879
884	olhem	19863
885	pegar	19857
886	erro	19849
887	falou	19848
888	namorada	19838
889	fome	19798
890	cabo	19786
891	abre	19743
892	volto	19733
893	incrível	19728
894	banco	19676
895	fazia	19664
896	estrada	19620
897	após	19568
898	posição	19471
899	excelente	19453
900	juro	19436
901	má	19401
902	parem	19383
903	morta	19381
904	loja	19358
905	coronel	19357
906	prometo	19354
907	povo	19348
908	presente	19324
909	tempos	19271
910	fomos	19236
911	carta	19209
912	mestre	19185
913	proteger	19183
914	explicar	19146
915	leve	19054
916	trata	19039
917	simplesmente	19004
918	ora	18989
919	the	18983
920	governo	18919
921	mata	18894
922	cair	18871
923	centro	18860
924	prova	18782
925	senhoras	18752
926	chamado	18717
927	céu	18704
928	mês	18684
929	aposto	18670
930	energia	18656
931	soube	18653
932	mamã	18636
933	norte	18618
934	destino	18602
935	quente	18572
936	tradução	18538
937	feira	18538
938	conversar	18537
939	ordens	18520
940	lembrar	18508
941	almoço	18500
942	metade	18496
943	direita	18459
944	mandar	18431
945	papel	18407
946	miúdos	18369
947	liga	18320
948	chamo	18315
949	pediu	18303
950	perdi	18236
951	indo	18198
952	ouviste	18193
953	diabos	18191
954	foda	18166
955	advogado	18138
956	tornar	18136
957	base	18104
958	conseguimos	18090
959	imediatamente	18012
960	lei	17976
961	através	17968
962	interessante	17931
963	planeta	17894
964	bolas	17893
965	cheio	17884
966	voltou	17882
967	esquece	17862
968	saiam	17853
969	James	17827
970	impossível	17826
971	tenente	17812
972	escrever	17800
973	funciona	17792
974	bela	17763
975	entendido	17731
976	pés	17727
977	reunião	17722
978	luta	17699
979	saída	17698
980	cena	17696
981	inferno	17688
982	percebo	17687
983	oito	17674
984	máquina	17652
985	comandante	17635
986	câmara	17629
987	falei	17614
988	segredo	17578
989	regras	17575
990	acerca	17568
991	odeio	17534
992	fizemos	17519
993	bomba	17516
994	precisam	17507
995	sargento	17497
996	passo	17464
997	trabalha	17459
998	honra	17451
999	vidas	17420
1000	digas	17394
1001	preocupe	17390
1002	bebida	17370
1003	perceber	17364
1004	bar	17307
1005	provas	17294
1006	sul	17253
1007	surpresa	17246
1008	tentei	17199
1009	deixei	17175
1010	começa	17170
1011	piada	17133
1012	bola	17045
1013	ótimo	17032
1014	estará	17031
1015	venham	16999
1016	podias	16963
1017	ouviu	16956
1018	tivemos	16953
1019	acaba	16938
1020	encontrou	16922
1021	bater	16917
1022	divertido	16899
1023	tá	16877
1024	pá	16863
1025	tenham	16841
1026	desculpem	16838
1027	perigo	16832
1028	levá	16832
1029	falo	16807
1030	percebi	16794
1031	tenhas	16788
1032	vejam	16783
1033	namorado	16783
1034	eras	16762
1035	passada	16743
1036	senta	16714
1037	mentir	16673
1038	frio	16528
1039	ama	16507
1040	vêm	16504
1041	abaixo	16465
1042	apartamento	16463
1043	decisão	16450
1044	conheci	16450
1045	debaixo	16429
1046	tiver	16421
1047	alma	16396
1048	velha	16367
1049	naquela	16351
1050	humano	16344
1051	vestido	16336
1052	parecia	16330
1053	belo	16326
1054	aprender	16320
1055	controlo	16290
1056	legal	16281
1057	segura	16275
1058	conheces	16272
1059	área	16264
1060	compreendo	16254
1061	teres	16244
1062	padre	16227
1063	matá	16226
1064	senti	16214
1065	ajude	16205
1066	prontos	16186
1067	carne	16179
1068	cérebro	16159
1069	hipótese	16108
1070	receber	16105
1071	diria	16088
1072	traz	16077
1073	horrível	16072
1074	mostra	16052
1075	tê	16000
1076	negócios	15971
1077	teste	15936
1078	aniversário	15924
1079	cerveja	15918
1080	sabias	15873
1081	fale	15860
1082	ilha	15850
1083	quantas	15847
1084	código	15799
1085	larga	15786
1086	tínhamos	15771
1087	perdeu	15758
1088	dançar	15748
1089	delas	15743
1090	sendo	15736
1091	menino	15635
1092	sentes	15632
1093	confiar	15615
1094	vive	15547
1095	idéia	15541
1096	tenta	15510
1097	liberdade	15478
1098	preparar	15465
1099	naquele	15463
1100	socorro	15463
1101	branco	15451
1102	perigoso	15450
1103	estaria	15429
1104	fato	15427
1105	cerca	15426
1106	contente	15409
1107	esquecer	15402
1108	metros	15395
1109	acaso	15394
1110	pudesse	15392
1111	pronta	15373
1112	usa	15348
1113	igreja	15348
1114	parecer	15334
1115	mar	15281
1116	maldito	15265
1117	animais	15237
1118	resolver	15199
1119	entender	15186
1120	sejas	15165
1121	américa	15155
1122	serão	15129
1123	basta	15107
1124	roubar	15074
1125	levanta	15067
1126	pt	15049
1127	comando	15008
1128	esperança	14989
1129	mandou	14984
1130	façam	14966
1131	volte	14904
1132	esconder	14826
1133	cavalo	14812
1134	vender	14806
1135	triste	14802
1136	vítima	14774
1137	quais	14724
1138	pedi	14686
1139	alex	14672
1140	deixá	14636
1141	destes	14626
1142	tentando	14625
1143	diferença	14616
1144	ex	14598
1145	janela	14595
1146	acima	14593
1147	maioria	14578
1148	manda	14570
1149	colocar	14558
1150	garota	14549
1151	conselho	14545
1152	últimos	14508
1153	alvo	14492
1154	humanos	14480
1155	acham	14475
1156	tanta	14471
1157	dizendo	14461
1158	diferentes	14417
1159	achar	14416
1160	super	14402
1161	vossos	14367
1162	desapareceu	14349
1163	entrada	14325
1164	estarei	14310
1165	foder	14281
1166	contacto	14268
1167	tentou	14265
1168	ouro	14248
1169	negro	14245
1170	motivo	14213
1171	passei	14205
1172	rainha	14194
1173	junto	14193
1174	espécie	14173
1175	clube	14169
1176	aquelas	14164
1177	rio	14157
1178	parecem	14137
1179	herói	14061
1180	realidade	14034
1181	funcionar	14024
1182	majestade	14021
1183	saúde	14020
1184	totalmente	13974
1185	meter	13958
1186	precisava	13937
1187	braço	13932
1188	zona	13929
1189	seguinte	13927
1190	propósito	13916
1191	loucura	13887
1192	azul	13873
1193	suposto	13840
1194	pareces	13831
1195	computador	13817
1196	sentar	13806
1197	graça	13795
1198	experiência	13762
1199	pobre	13731
1200	corre	13729
1201	público	13720
1202	farei	13679
1203	monte	13675
1204	avó	13672
1205	livros	13663
1206	desejo	13637
1207	mantém	13636
1208	nível	13625
1209	rádio	13624
1210	pernas	13601
1211	contou	13583
1212	peça	13566
1213	existem	13557
1214	iorque	13539
1215	querias	13507
1216	saco	13502
1217	vermelho	13494
1218	destruir	13489
1219	aparecer	13477
1220	devagar	13473
1221	podíamos	13443
1222	empresa	13428
1223	poderá	13406
1224	rabo	13389
1225	principal	13369
1226	terrível	13363
1227	senão	13362
1228	foto	13359
1229	sonhos	13357
1230	garoto	13353
1231	dra	13335
1232	saiba	13326
1233	carros	13325
1234	contrário	13323
1235	exemplo	13313
1236	dúvida	13307
1237	americano	13264
1238	irmãos	13261
1239	destas	13260
1240	oficial	13255
1241	pele	13254
1242	operação	13239
1243	raparigas	13230
1244	televisão	13222
1245	cor	13217
1246	ligação	13190
1247	subir	13171
1248	entrou	13164
1249	drogas	13163
1250	tribunal	13102
1251	inteligente	13082
1252	cartão	13068
1253	mudou	13063
1254	irei	13047
1255	sejam	13029
1256	cabrão	13025
1257	lixo	13020
1258	duro	13019
1259	defesa	12995
1260	percebes	12992
1261	ficas	12981
1262	fiquem	12971
1263	contas	12964
1264	toca	12962
1265	alta	12954
1266	vós	12943
1267	enorme	12937
1268	maluco	12918
1269	perdido	12916
1270	afinal	12898
1271	justo	12881
1272	viram	12860
1273	dum	12857
1274	conhecê	12851
1275	inimigo	12848
1276	provar	12843
1277	maravilhoso	12837
1278	aceitar	12835
1279	planos	12826
1280	esqueci	12817
1281	buraco	12808
1282	par	12806
1283	ligou	12805
1284	meninas	12785
1285	emergência	12783
1286	lua	12780
1287	fotos	12752
1288	risco	12749
1289	encontrá	12725
1290	dizia	12672
1291	departamento	12663
1292	dessas	12656
1293	cheiro	12653
1294	porcaria	12638
1295	estiveste	12632
1296	nomes	12619
1297	vossas	12617
1298	repente	12580
1299	gelo	12561
1300	cartas	12544
1301	chaves	12542
1302	apesar	12535
1303	nela	12524
1304	verão	12522
1305	paciente	12509
1306	pega	12489
1307	tv	12483
1308	cozinha	12470
1309	nove	12468
1310	queira	12466
1311	dentes	12457
1312	cabra	12454
1313	inglês	12446
1314	direcção	12417
1315	tiveste	12412
1316	dado	12403
1317	comboio	12402
1318	baixa	12389
1319	silêncio	12383
1320	espírito	12370
1321	cristo	12358
1322	km	12345
1323	informações	12319
1324	ficam	12312
1325	perna	12297
1326	detective	12280
1327	preço	12275
1328	terminar	12274
1329	cortar	12270
1330	teremos	12263
1331	tire	12256
1332	lidar	12220
1333	igual	12186
1334	chorar	12180
1335	pressão	12170
1336	papai	12168
1337	gostei	12159
1338	anel	12158
1339	ias	12155
1340	limpar	12151
1341	pedido	12150
1342	mala	12143
1343	ideias	12143
1344	saudades	12135
1345	esperava	12129
1346	serve	12116
1347	soldado	12110
1348	inteiro	12108
1349	controle	12088
1350	matei	12067
1351	opinião	12064
1352	preocupado	12055
1353	novos	12052
1354	relatório	12048
1355	peixe	12047
1356	dados	12034
1357	calças	12016
1358	sapatos	12011
1359	acesso	11965
1360	suponho	11955
1361	suspeito	11953
1362	caiu	11950
1363	roupas	11944
1364	ocupado	11929
1365	chamas	11917
1366	universidade	11900
1367	coragem	11898
1368	nariz	11883
1369	ponha	11881
1370	cliente	11869
1371	voar	11867
1372	chamam	11854
1373	estação	11853
1374	paris	11847
1375	estrela	11822
1376	levo	11809
1377	necessário	11787
1378	escolher	11777
1379	vinho	11773
1380	pista	11764
1381	apresentar	11761
1382	pensando	11755
1383	soldados	11717
1384	cheia	11700
1385	acção	11690
1386	agradecer	11684
1387	tornou	11678
1388	copo	11649
1389	responsável	11638
1390	divertir	11625
1391	termos	11622
1392	noites	11615
1393	chá	11610
1394	começo	11607
1395	longo	11601
1396	desses	11598
1397	deram	11583
1398	criar	11575
1399	parede	11565
1400	daquele	11547
1401	ás	11532
1402	falamos	11525
1403	uh	11518
1404	pense	11517
1405	disparar	11511
1406	atirar	11503
1407	pago	11489
1408	continue	11482
1409	americanos	11450
1410	cuidar	11446
1411	espectáculo	11445
1412	subs	11432
1413	dão	11424
1414	mentira	11417
1415	tamanho	11407
1416	perdão	11401
1417	cu	11401
1418	férias	11399
1419	caramba	11395
1420	novas	11392
1421	agentes	11390
1422	pedra	11378
1423	investigação	11368
1424	edifício	11344
1425	come	11342
1426	preparado	11336
1427	chance	11336
1428	doce	11321
1429	avô	11308
1430	combate	11307
1431	verde	11269
1432	memória	11263
1433	calhar	11239
1434	voo	11239
1435	mexam	11235
1436	evitar	11233
1437	levantar	11221
1438	entende	11219
1439	visita	11188
1440	animal	11176
1441	bala	11173
1442	vens	11171
1443	salvo	11165
1444	caras	11164
1445	trato	11164
1446	abra	11162
1447	fará	11152
1448	laboratório	11147
1449	confiança	11127
1450	daquela	11126
1451	homicídio	11125
1452	filmes	11111
1453	ficará	11109
1454	fé	11102
1455	imenso	11091
1456	discutir	11089
1457	batalha	11086
1458	branca	11081
1459	comum	11072
1460	rir	11062
1461	encontra	11044
1462	entregar	11039
1463	caralho	11038
1464	acontecendo	11036
1465	errada	11033
1466	cheguei	11027
1467	desculpas	11018
1468	telemóvel	11010
1469	duma	11007
1470	tome	11003
1471	máximo	10998
1472	preto	10995
1473	ido	10973
1474	cães	10972
1475	lugares	10972
1476	cantar	10967
1477	som	10919
1478	terei	10915
1479	restaurante	10900
1480	escute	10887
1481	língua	10873
1482	li	10865
1483	serei	10863
1484	ligo	10842
1485	seres	10841
1486	agradeço	10836
1487	velocidade	10821
1488	tia	10811
1489	árvore	10806
1490	dança	10765
1491	brilhante	10763
1492	limpo	10745
1493	parque	10745
1494	vendo	10744
1495	andas	10729
1496	princesa	10726
1497	pescoço	10723
1498	aguenta	10718
1499	responder	10717
1500	casaco	10707
1501	natureza	10705
1502	costumava	10697
1503	encontraram	10686
1504	torna	10683
1505	gozar	10679
1506	troca	10676
1507	fechar	10658
1508	praia	10655
1509	médicos	10646
1510	início	10639
1511	apoio	10632
1512	mexer	10617
1513	céus	10610
1514	gostam	10603
1515	vindos	10599
1516	puder	10597
1517	preocupar	10595
1518	imaginar	10586
1519	xerife	10576
1520	vimos	10575
1521	corrida	10570
1522	verificar	10561
1523	verdadeira	10561
1524	esperto	10554
1525	tente	10542
1526	fotografia	10527
1527	devido	10513
1528	mato	10509
1529	ponte	10488
1530	haverá	10481
1531	controlar	10479
1532	vergonha	10469
1533	perdemos	10460
1534	porreiro	10420
1535	série	10413
1536	londres	10407
1537	deviam	10401
1538	atrasado	10395
1539	morre	10394
1540	forças	10360
1541	relógio	10358
1542	beleza	10357
1543	luzes	10348
1544	arte	10347
1545	doença	10341
1546	monstro	10339
1547	falas	10337
1548	conseguiste	10336
1549	portas	10329
1550	exatamente	10328
1551	gato	10321
1552	ligue	10315
1553	pegue	10307
1554	apanhei	10304
1555	apareceu	10296
1556	carrinha	10287
1557	cadeira	10286
1558	pontos	10283
1559	infelizmente	10278
1560	pensam	10274
1561	mamãe	10268
1562	esqueça	10251
1563	longa	10251
1564	distância	10250
1565	barulho	10223
1566	unidade	10221
1567	processo	10218
1568	enviar	10217
1569	doido	10206
1570	tido	10197
1571	busca	10195
1572	cadeia	10180
1573	espada	10179
1574	prefiro	10175
1575	humana	10161
1576	prestes	10161
1577	andado	10157
1578	respirar	10156
1579	correu	10151
1580	estrelas	10148
1581	imagem	10128
1582	vídeo	10121
1583	grávida	10120
1584	velhos	10108
1585	central	10100
1586	justiça	10099
1587	vieram	10096
1588	conhecemos	10088
1589	faculdade	10077
1590	data	10049
1591	juntar	10045
1592	faca	10026
1593	simpático	10016
1594	irão	10008
1595	ouçam	10005
1596	conhecido	9996
1597	autocarro	9991
1598	acorda	9986
1599	certamente	9977
1600	escapar	9975
1601	terem	9975
1602	ensinar	9972
1603	várias	9970
1604	unidos	9955
1605	beijo	9935
1606	auto	9915
1607	descer	9915
1608	sucesso	9915
1609	líder	9912
1610	dedos	9898
1611	conseguia	9897
1612	acabado	9888
1613	rico	9885
1614	magoar	9873
1615	flores	9864
1616	porco	9855
1617	toque	9849
1618	levem	9848
1619	estados	9827
1620	normalmente	9816
1621	bordo	9813
1622	vieste	9812
1623	louca	9805
1624	carreira	9804
1625	milhares	9795
1626	futebol	9795
1627	mo	9794
1628	conseguem	9784
1629	ficamos	9776
1630	dás	9774
1631	acordar	9772
1632	quieto	9769
1633	conduzir	9768
1634	vinte	9760
1635	histórias	9754
1636	braços	9729
1637	encontrado	9719
1638	sobreviver	9706
1639	quinta	9701
1640	sir	9689
1641	maria	9683
1642	rosto	9682
1643	sacana	9675
1644	total	9672
1645	afasta	9669
1646	valor	9663
1647	cansado	9661
1648	estilo	9653
1649	segue	9649
1650	visão	9625
1651	aulas	9619
1652	banda	9619
1653	ridículo	9611
1654	mexe	9611
1655	chame	9604
1656	servir	9604
1657	parceiro	9597
1658	ouvido	9595
1659	quão	9588
1660	aula	9587
1661	passe	9583
1662	gay	9578
1663	deixes	9577
1664	estranha	9570
1665	especialmente	9565
1666	via	9564
1667	milhão	9552
1668	excepto	9549
1669	venho	9549
1670	movimento	9538
1671	esperando	9537
1672	santo	9534
1673	deixo	9531
1674	gabinete	9528
1675	inteira	9524
1676	perfeita	9514
1677	táxi	9510
1678	vemo	9505
1679	números	9500
1680	possamos	9488
1681	dêem	9474
1682	cavalheiros	9464
1683	cinema	9456
1684	corte	9455
1685	serem	9440
1686	óptima	9440
1687	noiva	9413
1688	posto	9402
1689	más	9402
1690	cale	9392
1691	época	9391
1692	oeste	9385
1693	lixar	9385
1694	atacar	9383
1695	nervoso	9350
1696	éramos	9346
1697	felizes	9345
1698	ando	9335
1699	classe	9331
1700	orgulho	9326
1701	fantasma	9320
1702	encontramos	9317
1703	nacional	9313
1704	chamou	9313
1705	marca	9303
1706	idiotas	9299
1707	aeroporto	9292
1708	pensou	9282
1709	dono	9265
1710	maldição	9263
1711	tirem	9262
1712	andando	9260
1713	jornal	9257
1714	navio	9247
1715	sinais	9239
1716	casas	9231
1717	miúdas	9225
1718	jovens	9223
1719	vás	9222
1720	dói	9215
1721	cheira	9207
1722	clientes	9205
1723	jogos	9189
1724	roubou	9187
1725	casado	9184
1726	william	9182
1727	morreram	9175
1728	recuperar	9175
1729	desistir	9173
1730	corpos	9163
1731	telefonar	9159
1732	buscá	9123
1733	queiras	9107
1734	tantas	9100
1735	director	9095
1736	escuro	9088
1737	steve	9087
1738	recebi	9079
1739	aviso	9073
1740	sexta	9067
1741	traga	9058
1742	pede	9053
1743	absolutamente	9047
1744	fonte	9045
1745	apanha	9037
1746	militar	9028
1747	voce	9019
1748	lisa	9017
1749	peito	9016
1750	soubesse	9015
1751	sentimentos	9005
1752	calor	9005
1753	gritar	9005
1754	vêem	9001
1755	inocente	8991
1756	major	8988
1757	colega	8983
1758	canção	8980
1759	vítimas	8975
1760	profissional	8962
1761	dever	8961
1762	uso	8960
1763	malta	8940
1764	teoria	8938
1765	entendi	8935
1766	lsso	8931
1767	meninos	8925
1768	baile	8921
1769	antigo	8916
1770	ameaça	8904
1771	oferecer	8870
1772	notícia	8870
1773	vento	8863
1774	partido	8863
1775	disser	8834
1776	mapa	8832
1777	dedo	8831
1778	jamais	8816
1779	paga	8809
1780	amar	8796
1781	ligado	8792
1782	sentado	8773
1783	correcto	8772
1784	agradável	8771
1785	vivos	8770
1786	revisão	8769
1787	maldita	8759
1788	visitar	8753
1789	vários	8747
1790	eua	8738
1791	acreditas	8732
1792	faremos	8730
1793	descansar	8726
1794	aspecto	8725
1795	deixado	8699
1796	ouvidos	8694
1797	ajudem	8687
1798	tiveram	8684
1799	pôs	8676
1800	terceiro	8674
1801	polícias	8672
1802	chapéu	8669
1803	equipe	8662
1804	ted	8660
1805	príncipe	8636
1806	escreveu	8635
1807	impedir	8635
1808	decidir	8634
1809	peso	8631
1810	deuses	8630
1811	importo	8621
1812	pequenos	8617
1813	piloto	8610
1814	ruas	8606
1815	confia	8605
1816	interior	8602
1817	regressar	8600
1818	estúpida	8599
1819	obviamente	8599
1820	demorar	8597
1821	depende	8582
1822	fingir	8582
1823	floresta	8577
1824	magia	8574
1825	universo	8572
1826	conhecia	8570
1827	iremos	8565
1828	pude	8564
1829	leite	8562
1830	caro	8551
1831	bolo	8547
1832	achou	8545
1833	descobri	8542
1834	chuva	8538
1835	digam	8536
1836	mudança	8530
1837	fá	8529
1838	comecei	8527
1839	exacto	8520
1840	viemos	8514
1841	cavalos	8505
1842	eie	8494
1843	crer	8492
1844	aberta	8483
1845	cirurgia	8483
1846	acredite	8449
1847	poderes	8428
1848	deitar	8405
1849	merdas	8393
1850	matt	8378
1851	entanto	8371
1852	diante	8369
1853	daniel	8365
1854	ferido	8364
1855	interesse	8361
1856	tirou	8351
1857	material	8349
1858	larry	8340
1859	leste	8332
1860	testes	8312
1861	feita	8309
1862	assistente	8305
1863	angeles	8304
1864	bocadinho	8302
1865	aguentar	8298
1866	rapidamente	8295
1867	juiz	8279
1868	lee	8262
1869	fumar	8252
1870	maiores	8251
1871	política	8227
1872	óbvio	8226
1873	sê	8225
1874	srta	8219
1875	desligar	8217
1876	momentos	8196
1877	acalma	8193
1878	construir	8177
1879	escrito	8175
1880	vírus	8172
1881	vemos	8170
1882	treta	8153
1883	pedaço	8152
1884	importas	8146
1885	tivesses	8146
1886	anna	8143
1887	guardas	8138
1888	deixaste	8134
1889	acabaram	8132
1890	jason	8126
1891	martin	8122
1892	inglaterra	8119
1893	mercado	8114
1894	natural	8105
1895	bebê	8104
1896	procurando	8102
1897	perda	8101
1898	receio	8096
1899	agir	8096
1900	entendes	8096
1901	poucos	8094
1902	treinador	8093
1903	confusão	8085
1904	julgamento	8085
1905	deseja	8081
1906	roma	8077
1907	íamos	8061
1908	mataram	8058
1909	mano	8057
1910	pertence	8057
1911	lago	8039
1912	dera	8023
1913	chocolate	8005
1914	iam	8013
1915	daqueles	8003
1916	patrão	8003
1917	comprei	7995
1918	fizer	7990
1919	segredos	7987
1920	ganha	7984
1921	senador	7984
1922	limpa	7971
1923	corredor	7971
1924	testemunha	7970
1925	uau	7970
1926	arranja	7952
1927	rede	7950
1928	notas	7945
1929	descobriu	7944
1930	camisa	7937
1931	dava	7931
1932	crescer	7922
1933	resultado	7922
1934	aconteça	7919
1935	culpado	7917
1936	lar	7914
1937	bebe	7910
1938	ovos	7909
1939	io	7899
1940	interessado	7881
1941	antiga	7880
1942	tantos	7876
1943	pessoalmente	7873
1944	passaram	7865
1945	carl	7854
1946	perguntei	7852
1947	concordo	7844
1948	andam	7843
1949	aparece	7840
1950	custa	7839
1951	partida	7838
1952	andava	7834
1953	vegas	7827
1954	sentem	7813
1955	instante	7813
1956	parecido	7806
1957	tendo	7805
1958	van	7804
1959	balas	7800
1960	costa	7794
1961	presa	7791
1962	gordo	7790
1963	fotografias	7790
1964	luke	7784
1965	vitória	7776
1966	bolsa	7773
1967	sensação	7768
1968	podiam	7768
1969	inimigos	7765
1970	fuga	7760
1971	mandei	7760
1972	despacha	7755
1973	género	7748
1974	fugiu	7744
1975	merece	7742
1976	imprensa	7738
1977	oferta	7734
1978	voltas	7730
1979	estejam	7728
1980	tragam	7726
1981	ganhou	7720
1982	poderoso	7719
1983	ficaria	7718
1984	tretas	7715
1985	detesto	7712
1986	somente	7705
1987	explosão	7700
1988	direitos	7686
1989	encontrámos	7684
1990	gás	7684
1991	bilhete	7680
1992	mete	7679
1993	quisesse	7676
1994	mate	7670
1995	treino	7670
1996	vingança	7658
1997	responde	7652
1998	serviços	7649
1999	presença	7635
2000	montanha	7634
2001	tempestade	7630
2002	razões	7628
2003	giro	7625
2004	dean	7618
2005	contrato	7614
2006	cofre	7604
2007	voltei	7603
2008	raiva	7600
2009	vira	7599
2010	chegaram	7598
2011	tchau	7597
2012	fecha	7590
2013	estejas	7581
2014	levaram	7581
2015	objectivo	7576
2016	assassinato	7573
2017	sábado	7567
2018	conhecem	7557
2019	mantenha	7550
2020	casos	7550
2021	alô	7535
2022	primo	7530
2023	farto	7528
2024	geral	7522
2025	solta	7515
2026	rosa	7512
2027	mataste	7511
2028	respostas	7509
2029	saltar	7497
2030	jardim	7487
2031	frança	7479
2032	próprios	7475
2033	grave	7472
2034	regra	7467
2035	avisar	7456
2036	efeito	7451
2037	policia	7445
2038	garrafa	7445
2039	jones	7442
2040	desaparecer	7437
2041	aberto	7436
2042	entrem	7434
2043	vestir	7432
2044	imbecil	7432
2045	algures	7430
2046	aparentemente	7429
2047	conhecimento	7423
2048	virar	7422
2049	torre	7418
2050	cia	7412
2051	campeão	7405
2052	arthur	7403
2053	tecnologia	7397
2054	sociedade	7387
2055	thomas	7385
2056	responsabilidade	7381
2057	bate	7380
2058	afastem	7379
2059	encontraste	7376
2060	companheiro	7368
2061	projecto	7366
2062	equipamento	7356
2063	terás	7352
2064	prédio	7338
2065	salvou	7333
2066	scott	7327
2067	estudar	7320
2068	queriam	7320
2069	propriedade	7315
2070	vinha	7311
2071	rock	7311
2072	yeah	7311
2073	pro	7309
2074	pegou	7303
2075	pareceu	7299
2076	médica	7297
2077	massa	7285
2078	kyle	7281
2079	camião	7280
2080	maus	7280
2081	helicóptero	7278
2082	partes	7278
2083	ciência	7271
2084	acabaste	7270
2085	resta	7262
2086	emily	7259
2087	haja	7253
2088	zero	7234
2089	prender	7222
2090	pesquisa	7217
2091	aproximar	7202
2092	sean	7202
2093	voltem	7197
2094	reino	7186
2095	nota	7185
2096	big	7182
2097	simon	7181
2098	opção	7179
2099	desaparece	7167
2100	extra	7167
2101	centenas	7165
2102	assalto	7161
2103	acontecido	7155
2104	apanhou	7151
2105	pressa	7142
2106	curso	7135
2107	completo	7129
2108	resultados	7124
2109	vencer	7123
2110	fossem	7119
2111	vinda	7118
2112	brincadeira	7108
2113	explodir	7107
2114	complicado	7107
2115	ouviram	7107
2116	loucos	7107
2117	solução	7105
2118	boleia	7100
2119	fosses	7099
2120	lembre	7096
2121	conte	7095
2122	percebe	7089
2123	levante	7087
2124	ministro	7087
2125	princípio	7085
2126	méxico	7077
2127	mexa	7076
2128	perfeitamente	7074
2129	eis	7072
2130	usou	7069
2131	preocupada	7066
2132	estaremos	7057
2133	adam	7057
2134	corta	7054
2135	muda	7052
2136	ossos	7051
2137	califórnia	7049
2138	secretária	7048
2139	autorização	7048
2140	ultimamente	7047
2141	morgan	7043
2142	presos	7042
2143	mel	7031
2144	lê	7028
2145	avançar	7023
2146	terão	7012
2147	terceira	7006
2148	bairro	7006
2149	new	7003
2150	exame	7002
2151	adora	7000
2152	decidi	6983
2153	assuntos	6981
2154	amava	6980
2155	don	6975
2156	entendeu	6974
2157	telhado	6968
2158	viajar	6965
2159	negra	6964
2160	truque	6957
2161	membros	6953
2162	árvores	6951
2163	phil	6940
2164	tratamento	6940
2165	deixaram	6938
2166	conto	6931
2167	modelo	6930
2168	imagino	6928
2169	crédito	6923
2170	compras	6921
2171	alerta	6920
2172	pequenas	6918
2173	sara	6917
2174	susan	6898
2175	abram	6892
2176	enganado	6889
2177	zangado	6880
2178	importantes	6875
2179	jenny	6868
2180	neve	6867
2181	apanhado	6865
2182	pergunto	6863
2183	enganar	6852
2184	malas	6849
2185	investigar	6838
2186	sexual	6833
2187	menor	6832
2188	falam	6832
2189	fechado	6825
2190	usando	6818
2191	secreto	6818
2192	joey	6815
2193	lixe	6814
2194	familiar	6813
2195	confio	6811
2196	fraco	6802
2197	protecção	6799
2198	saí	6798
2199	agarra	6794
2200	pânico	6790
2201	credo	6782
2202	red	6781
2203	esquisito	6770
2204	relações	6769
2205	erros	6768
2206	contei	6759
2207	ha	6747
2208	mande	6737
2209	guardar	6736
2210	fortes	6733
2211	serás	6733
2212	domingo	6730
2213	caça	6729
2214	vejamos	6724
2215	queijo	6721
2216	preocupa	6720
2217	adorava	6712
2218	bêbado	6710
2219	aceito	6709
2220	carga	6709
2221	últimas	6703
2222	irmos	6687
2223	entrega	6687
2224	dorme	6686
2225	apaixonado	6684
2226	perguntou	6682
2227	próximos	6682
2228	houver	6678
2229	membro	6676
2230	livrar	6672
2231	julie	6667
2232	recebeu	6666
2233	chloe	6663
2234	ponham	6659
2235	sexy	6656
2236	deserto	6653
2237	golpe	6651
2238	internet	6648
2239	útil	6646
2240	primeiros	6646
2241	cancro	6646
2242	quiserem	6645
2243	carteira	6644
2244	tento	6643
2245	ficaram	6642
2246	enfermeira	6630
2247	policial	6629
2248	deixam	6628
2249	fila	6627
2250	convosco	6625
2251	partiu	6625
2252	passagem	6622
2253	carter	6620
2254	adorar	6618
2255	usado	6614
2256	bravo	6609
2257	eh	6609
2258	pão	6607
2259	afastar	6607
2260	ruim	6607
2261	mentiroso	6606
2262	impressão	6598
2263	cheque	6597
2264	enviou	6596
2265	revista	6594
2266	nojento	6594
2267	lavar	6593
2268	génio	6592
2269	smith	6589
2270	ajudou	6586
2271	importância	6582
2272	der	6581
2273	victor	6580
2274	retirar	6580
2275	preparem	6575
2276	digamos	6573
2277	obra	6573
2278	famílias	6565
2279	usá	6562
2280	detalhes	6562
2281	morrido	6560
2282	bebidas	6560
2283	artigo	6560
2284	dura	6551
2285	obter	6551
2286	cem	6551
2287	penses	6550
2288	comportamento	6529
2289	coma	6528
2290	tomates	6528
2291	famoso	6524
2292	tentativa	6524
2293	maravilhosa	6524
2294	largue	6519
2295	condições	6513
2296	atravessar	6509
2297	melhorar	6508
2298	ferro	6507
2299	orgulhoso	6501
2300	francês	6498
2301	especiais	6495
2302	continuo	6484
2303	show	6484
2304	lição	6483
2305	funeral	6476
2306	trocar	6471
2307	tirá	6471
2308	vazio	6470
2309	fizesse	6469
2310	fita	6463
2311	definitivamente	6459
2312	falso	6456
2313	resultar	6454
2314	sofrer	6454
2315	americana	6450
2316	chegue	6444
2317	bolso	6443
2318	aprendi	6441
2319	liceu	6439
2320	máquinas	6435
2321	explica	6429
2322	venda	6428
2323	óculos	6420
2324	fronteira	6416
2325	compreender	6407
2326	caraças	6407
2327	canal	6406
2328	anjo	6405
2329	piscina	6403
2330	mesmos	6402
2331	dom	6400
2332	elevador	6398
2333	reserva	6397
2334	passeio	6397
2335	marshall	6390
2336	alice	6390
2337	topo	6387
2338	duvido	6386
2339	net	6385
2340	beijar	6377
2341	ouço	6372
2342	escadas	6371
2343	talento	6369
2344	defender	6369
2345	honesto	6366
2346	pensado	6362
2347	liguei	6357
2348	cachorro	6349
2349	rato	6347
2350	pássaro	6344
2351	aldeia	6343
2352	chegamos	6338
2353	Chicago	6335
2354	lily	6335
2355	parou	6330
2356	colegas	6326
2357	impressionante	6325
2358	soa	6325
2359	esperamos	6324
2360	responda	6323
2361	cumprir	6321
2362	enfrentar	6316
2363	motor	6311
2364	admitir	6309
2365	gajos	6309
2366	arriscar	6305
2367	entrevista	6303
2368	anti	6302
2369	erva	6301
2370	macaco	6293
2371	mostre	6290
2372	tiros	6289
2373	aposta	6286
2374	and	6285
2375	deveríamos	6284
2376	armário	6283
2377	dragão	6283
2378	fábrica	6277
2379	diário	6273
2380	social	6271
2381	sarilhos	6266
2382	corda	6265
2383	hipóteses	6265
2384	mentiras	6254
2385	discurso	6249
2386	correio	6233
2387	morada	6222
2388	casal	6216
2389	amas	6213
2390	continuem	6213
2391	perdeste	6212
2392	amigas	6211
2393	achamos	6210
2394	chamadas	6209
2395	superior	6204
2396	Amy	6202
2397	Lucy	6201
2398	imagens	6197
2399	jornais	6196
2400	afaste	6193
2401	parado	6191
2402	vermelha	6184
2403	faltam	6184
2404	acordado	6171
2405	armadilha	6168
2406	voltamos	6167
2407	virá	6166
2408	garanto	6161
2409	começaram	6160
2410	página	6139
2411	ensinou	6134
2412	terminou	6133
2413	peguei	6130
2414	brincando	6130
2415	humanidade	6124
2416	Lois	6118
2417	quadro	6115
2418	ladrão	6115
2419	violência	6115
2420	parvo	6111
2421	testemunhas	6110
2422	nasceu	6104
2423	comprou	6104
2424	sozinhos	6102
2425	mantenham	6098
2426	permissão	6093
2427	mundial	6089
2428	consciência	6089
2429	assinar	6079
2430	judeus	6077
2431	carregar	6076
2432	rápida	6076
2433	Europa	6075
2434	pesadelo	6074
2435	bateu	6071
2436	deixas	6065
2437	despedir	6064
2438	Jackson	6062
2439	gasolina	6059
2440	olhando	6058
2441	Kelly	6056
2442	incêndio	6051
2443	prémio	6047
2444	santa	6045
2445	peças	6040
2446	fiques	6038
2447	divisão	6034
2448	pensaste	6033
2449	gostou	6032
2450	postos	6026
2451	sigam	6025
2452	federal	6020
2453	legendas	6020
2454	directo	6018
2455	chamava	6016
2456	proposta	6013
2457	impressões	6002
2458	bond	5996
2459	século	5988
2460	experimentar	5988
2461	milagre	5982
2462	calmo	5980
2463	siga	5976
2464	temo	5975
2465	puto	5974
2466	odeia	5974
2467	choque	5973
2468	devolver	5971
2469	decidiu	5969
2470	grace	5968
2471	vivem	5966
2472	ganhei	5960
2473	particular	5959
2474	conosco	5958
2475	esqueças	5957
2476	salva	5952
2477	trabalhava	5948
2478	cansada	5948
2479	completa	5944
2480	bombas	5942
2481	maricas	5942
2482	howard	5938
2483	iguais	5935
2484	ficado	5928
2485	atira	5926
2486	roubo	5924
2487	libertar	5922
2488	necessidade	5922
2489	sede	5922
2490	assassinos	5920
2491	crimes	5917
2492	alemães	5916
2493	harvey	5907
2494	directamente	5902
2495	suficientemente	5898
2496	estômago	5894
2497	identificação	5882
2498	possam	5881
2499	gelado	5872
2500	tripulação	5869
2501	percebeste	5864
2502	quartos	5864
2503	envolvido	5863
2504	canto	5862
2505	sentia	5855
2506	pô	5853
2507	escondido	5851
2508	localização	5850
2509	fumo	5847
2510	estarão	5846
2511	alarme	5843
2512	procuro	5841
2513	levei	5841
2514	fantástica	5839
2515	disposto	5838
2516	bilhetes	5836
2517	inútil	5835
2518	marcas	5834
2519	pó	5831
2520	palco	5831
2521	bando	5828
2522	solo	5818
2523	assustador	5818
2524	aceita	5813
2525	roger	5812
2526	mexas	5806
2527	negros	5805
2528	fase	5804
2529	garotas	5803
2530	certas	5796
2531	imagina	5795
2532	urso	5793
2533	mínimo	5790
2534	olhada	5782
2535	jeff	5779
2536	miami	5777
2537	tirei	5773
2538	cabeças	5767
2539	intenção	5766
2540	suicídio	5762
2541	possibilidade	5760
2542	vigilância	5758
2543	city	5757
2544	poderíamos	5755
2545	puxa	5753
2546	queda	5752
2547	imperador	5750
2548	matem	5748
2549	cego	5747
2550	entrei	5746
2551	convidado	5744
2552	ficava	5744
2553	montanhas	5744
2554	original	5744
2555	trabalhos	5742
2556	entretanto	5738
2557	trabalhando	5733
2558	sombra	5731
2559	humor	5726
2560	sabiam	5725
2561	taylor	5724
2562	agência	5722
2563	vidro	5718
2564	presentes	5715
2565	saio	5705
2566	gigante	5704
2567	traseiro	5702
2568	combinado	5702
2569	sofá	5682
2570	russo	5680
2571	botão	5678
2572	dando	5673
2573	paredes	5671
2574	assustado	5670
2575	levado	5664
2576	ires	5664
2577	secreta	5659
2578	pergunte	5659
2579	castelo	5655
2580	virgem	5654
2581	atender	5653
2582	causar	5653
2583	garganta	5650
2584	teatro	5642
2585	locais	5639
2586	moda	5639
2587	diversão	5637
2588	robin	5634
2589	annie	5633
2590	espelho	5631
2591	galinha	5630
2592	ilegal	5619
2593	pedras	5607
2594	estivemos	5606
2595	repetir	5602
2596	consiga	5601
2597	possas	5599
2598	stan	5594
2599	roubado	5593
2600	estragar	5591
2601	alternativa	5590
2602	perante	5589
2603	usam	5583
2604	pareço	5582
2605	tim	5581
2606	falha	5580
2607	assustar	5578
2608	compra	5575
2609	cigarro	5573
2610	relaxa	5572
2611	acampamento	5570
2612	coloque	5569
2613	câmaras	5568
2614	jesse	5568
2615	partam	5565
2616	lados	5564
2617	dores	5564
2618	adivinhar	5559
2619	abrigo	5554
2620	ferida	5553
2621	tropas	5548
2622	estiveres	5548
2623	estranhos	5544
2624	you	5539
2625	leis	5536
2626	rick	5536
2627	mora	5533
2628	negativo	5532
2629	huh	5532
2630	ambulância	5528
2631	pistola	5527
2632	pensamentos	5526
2633	mensagens	5526
2634	cópia	5523
2635	saímos	5522
2636	encontre	5519
2637	brancos	5519
2638	incluindo	5516
2639	haveria	5516
2640	portão	5513
2641	corrente	5511
2642	transporte	5509
2643	saibas	5508
2644	vindas	5502
2645	areia	5502
2646	permitir	5501
2647	disco	5501
2648	pacientes	5496
2649	mandado	5490
2650	chegámos	5487
2651	feitos	5487
2652	terry	5481
2653	fechada	5481
2654	capacidade	5474
2655	papéis	5474
2656	bruce	5465
2657	escolheu	5464
2658	conheceu	5462
2659	recentemente	5462
2660	desliga	5459
2661	documentos	5454
2662	maluca	5452
2663	veremos	5448
2664	acções	5445
2665	trago	5443
2666	tomou	5441
2667	barry	5437
2668	jogador	5436
2669	acabámos	5432
2670	garantir	5429
2671	comunidade	5426
2672	crise	5418
2673	operações	5411
2674	roy	5408
2675	texas	5403
2676	sobe	5399
2677	metro	5396
2678	digitais	5394
2679	livres	5393
2680	raça	5392
2681	joelhos	5388
2682	registos	5386
2683	começamos	5384
2684	nadar	5382
2685	cela	5381
2686	vince	5379
2687	aviões	5373
2688	wilson	5372
2689	madame	5367
2690	falaste	5363
2691	karen	5361
2692	sabendo	5359
2693	ocupada	5359
2694	segurar	5355
2695	francisco	5352
2696	continuas	5346
2697	comece	5345
2698	alan	5345
2699	vires	5343
2700	vice	5340
2701	cura	5340
2702	vaca	5337
2703	felicidade	5335
2704	professora	5335
2705	tarefa	5334
2706	sorriso	5333
2707	desaparecido	5332
2708	convencer	5331
2709	atirou	5322
2710	danos	5321
2711	china	5321
2712	segui	5310
2713	trouxeste	5310
2714	apostar	5306
2715	greg	5304
2716	feio	5286
2717	formas	5279
2718	tyler	5278
2719	ponta	5276
2720	madeira	5275
2721	máscara	5274
2722	engano	5272
2723	artista	5272
2724	alunos	5268
2725	pus	5265
2726	judeu	5265
2727	wayne	5264
2728	alcance	5262
2729	acabamos	5262
2730	privado	5261
2731	paciência	5260
2732	diamantes	5254
2733	acabo	5254
2734	amizade	5249
2735	estares	5247
2736	acalmar	5247
2737	calado	5241
2738	convidados	5239
2739	coincidência	5236
2740	Edward	5235
2741	esqueceu	5234
2742	basicamente	5232
2743	respira	5224
2744	festas	5223
2745	daquelas	5221
2746	cavaleiro	5220
2747	milhas	5218
2748	nação	5217
2749	atingido	5217
2750	limite	5216
2751	álcool	5215
2752	ambiente	5213
2753	criatura	5210
2754	palhaço	5205
2755	atitude	5204
2756	túnel	5204
2757	hein	5202
2758	identidade	5198
2759	rose	5197
2760	garagem	5197
2761	chateado	5196
2762	achava	5196
2763	alemão	5193
2764	prepara	5190
2765	antigos	5189
2766	pensamos	5187
2767	quarta	5185
2768	seguros	5181
2769	colocou	5176
2770	mamas	5173
2771	tomei	5172
2772	prisioneiros	5171
2773	marty	5169
2774	sinceramente	5168
2775	nâo	5166
2776	terroristas	5165
2777	explicação	5162
2778	cai	5161
2779	aguento	5159
2780	hum	5158
2781	aumentar	5157
2782	prometi	5155
2783	sistemas	5154
2784	confuso	5153
2785	russos	5153
2786	sós	5152
2787	pizza	5152
2788	casada	5149
2789	use	5148
2790	museu	5147
2791	frota	5146
2792	biblioteca	5145
2793	sono	5144
2794	regresso	5142
2795	desastre	5141
2796	atraso	5130
2797	difíceis	5129
2798	daquilo	5128
2799	abandonar	5122
2800	tratado	5118
2801	fantasmas	5115
2802	desafio	5114
2803	firme	5114
2804	sal	5111
2805	Marcus	5107
2806	treinar	5105
2807	inacreditável	5105
2808	naves	5105
2809	linhas	5103
2810	oceano	5102
2811	demora	5101
2812	fores	5097
2813	Jean	5096
2814	graus	5094
2815	unidades	5090
2816	tesouro	5088
2817	maravilha	5084
2818	mac	5083
2819	hank	5080
2820	mando	5079
2821	passamos	5077
2822	tiveres	5075
2823	acreditam	5072
2824	derek	5070
2825	vencedor	5066
2826	escrevi	5064
2827	estiveram	5064
2828	toques	5062
2829	passam	5060
2830	oficiais	5060
2831	promessa	5056
2832	sugiro	5054
2833	hitler	5054
2834	damos	5053
2835	permite	5052
2836	veículo	5051
2837	repito	5042
2838	escreve	5039
2839	espectacular	5038
2840	adorável	5038
2841	ricos	5036
2842	apanhá	5030
2843	voltarei	5029
2844	jogada	5026
2845	nuclear	5023
2846	perdoe	5021
2847	arranjaste	5021
2848	encontramo	5016
2849	carlos	5016
2850	superfície	5012
2851	conseguiram	5011
2852	selvagem	5011
2853	motorista	5011
2854	kim	5010
2855	falava	5009
2856	atirador	5006
2857	guia	5005
2858	prisioneiro	5005
2859	tenhamos	5005
2860	esquadra	5002
2861	transformar	5001
2862	seremos	5001
2863	inverno	4997
2864	dirigir	4994
2865	katie	4993
2866	josh	4993
2867	educação	4977
2868	mantê	4977
2869	mistério	4975
2870	sopa	4975
2871	inteligência	4974
2872	partilhar	4966
2873	andrew	4960
2874	criou	4958
2875	vizinhos	4957
2876	sangrar	4957
2877	batatas	4948
2878	versão	4948
2879	dispara	4946
2880	facilmente	4945
2881	criminoso	4944
2882	criado	4943
2883	fundos	4942
2884	glória	4941
2885	confirmar	4936
2886	alegria	4935
2887	legendagem	4933
2888	autoridade	4931
2889	confortável	4930
2890	ganho	4928
2891	claramente	4923
2892	noivo	4922
2893	adn	4922
2894	passos	4919
2895	nascer	4917
2896	registo	4915
2897	provável	4915
2898	amante	4912
2899	cavalheiro	4911
2900	juntas	4909
2901	escuridão	4907
2902	arranjou	4905
2903	despedido	4905
2904	sofrimento	4904
2905	fales	4902
2906	irmãs	4900
2907	poderiam	4899
2908	praticamente	4898
2909	prenda	4897
2910	champanhe	4897
2911	doug	4896
2912	acompanhar	4895
2913	senhorita	4895
2914	largar	4894
2915	virem	4893
2916	período	4885
2917	ficarei	4883
2918	padrão	4882
2919	levam	4879
2920	jackie	4878
2921	vantagem	4876
2922	destruição	4875
2923	ambas	4874
2924	assistir	4874
2925	lenda	4871
2926	mudei	4869
2927	ja	4865
2928	seca	4865
2929	elizabeth	4864
2930	preferia	4859
2931	áfrica	4859
2932	combustível	4859
2933	pensamento	4857
2934	pagou	4851
2935	lábios	4849
2936	esquina	4843
2937	gentil	4841
2938	cinto	4840
2939	apresento	4840
2940	caixas	4839
2941	botas	4839
2942	chato	4835
2943	almoçar	4835
2944	tivessem	4834
2945	vire	4834
2946	burro	4832
2947	recado	4832
2948	próprias	4830
2949	street	4828
2950	instruções	4827
2951	bruxa	4823
2952	advogados	4819
2953	medicina	4818
2954	incomodar	4818
2955	dúvidas	4818
2956	chegarmos	4817
2957	louis	4815
2958	forem	4814
2959	açúcar	4810
2960	mortes	4810
2961	vivemos	4807
2962	doc	4807
2963	perde	4806
2964	marcar	4805
2965	cole	4802
2966	doentes	4800
2967	percebeu	4797
2968	marinha	4797
2969	acalme	4794
2970	veneno	4791
2971	cave	4787
2972	mina	4787
2973	pau	4785
2974	caçar	4784
2975	preparados	4781
2976	discussão	4781
2977	meteu	4779
2978	demónio	4777
2979	aproxima	4775
2980	maneiras	4775
2981	cobra	4768
2982	malditos	4765
2983	daria	4764
2984	fio	4762
2985	trazê	4761
2986	empregado	4758
2987	paraíso	4758
2988	pedaços	4755
2989	montes	4755
2990	terreno	4751
2991	lançamento	4750
2992	ficaste	4746
2993	arranjo	4740
2994	presumo	4737
2995	acto	4734
2996	pobres	4734
2997	trinta	4733
2998	papa	4729
2999	noutro	4728
3000	mágico	4728
3001	qualidade	4725
3002	of	4718
3003	medida	4716
3004	pré	4713
3005	johnson	4713
3006	maggie	4710
3007	pulso	4709
3008	satélite	4703
3009	negociar	4703
3010	quebrar	4702
3011	chegaste	4693
3012	osso	4691
3013	adoraria	4687
3014	cobertura	4684
3015	telefonema	4681
3016	morrem	4679
3017	sujo	4678
3018	sujeito	4678
3019	leonard	4676
3020	capazes	4674
3021	comissão	4674
3022	guerreiro	4674
3023	okay	4672
3024	saudável	4670
3025	fria	4669
3026	joga	4668
3027	armado	4665
3028	onda	4665
3029	dissesse	4659
3030	velhote	4652
3031	patrick	4651
3032	esforço	4647
3033	comeu	4647
3034	contato	4646
3035	prato	4646
3036	queríamos	4645
3037	coloca	4642
3038	falámos	4640
3039	normais	4636
3040	aérea	4636
3041	alimentar	4633
3042	ritmo	4632
3043	estacionamento	4632
3044	divórcio	4632
3045	neles	4626
3046	lorde	4626
3047	cruel	4625
3048	temperatura	4625
3049	aliás	4624
3050	leo	4624
3051	gira	4621
3052	piores	4620
3053	ouvindo	4617
3054	chamamos	4617
3055	brown	4614
3056	cozinhar	4614
3057	extremamente	4613
3058	abriu	4612
3059	esquecido	4609
3060	significado	4608
3061	deva	4604
3062	adivinha	4602
3063	asas	4600
3064	concentrar	4598
3065	potter	4595
3066	homer	4590
3067	matam	4589
3068	governador	4588
3069	ficando	4587
3070	limites	4587
3071	parker	4587
3072	gerente	4586
3073	dama	4579
3074	us	4577
3075	porém	4576
3076	saído	4576
3077	rota	4573
3078	decisões	4571
3079	cuida	4569
3080	visitas	4566
3081	janelas	4564
3082	criaturas	4563
3083	foge	4563
3084	fortuna	4561
3085	observar	4557
3086	física	4554
3087	estiverem	4554
3088	interromper	4553
3089	porto	4550
3090	falado	4549
3091	cadáver	4547
3092	amanda	4547
3093	quantidade	4545
3094	paixão	4538
3095	tanque	4538
3096	escolhido	4537
3097	exterior	4537
3098	pesado	4535
3099	chegado	4533
3100	resistência	4532
3101	terrorista	4531
3102	esconde	4530
3103	campanha	4529
3104	bauer	4529
3105	emma	4528
3106	fã	4525
3107	lex	4519
3108	estudo	4517
3109	apetece	4517
3110	militares	4515
3111	turno	4514
3112	abby	4513
3113	mentiu	4512
3114	resgate	4511
3115	fazeres	4510
3116	mostrou	4509
3117	produção	4506
3118	doida	4505
3119	anteriormente	4504
3120	terras	4504
3121	ross	4503
3122	desgraçado	4500
3123	laura	4499
3124	agrada	4494
3125	traseiras	4493
3126	jedi	4492
3127	doces	4491
3128	bebés	4491
3129	poucas	4488
3130	primavera	4488
3131	vampiros	4487
3132	west	4482
3133	funcionou	4481
3134	genial	4478
3135	lata	4478
3136	arder	4472
3137	molho	4471
3138	doze	4467
3139	esquerdo	4467
3140	exames	4466
3141	escolhe	4466
3142	metido	4466
3143	pistas	4464
3144	ena	4461
3145	ouvimos	4461
3146	episódio	4456
3147	olhes	4450
3148	continuam	4445
3149	criminosos	4444
3150	prostituta	4443
3151	reputação	4441
3152	febre	4437
3153	miller	4434
3154	puro	4431
3155	so	4430
3156	almas	4429
3157	curioso	4428
3158	terça	4427
3159	fred	4427
3160	combater	4426
3161	opções	4425
3162	castigo	4425
3163	separar	4423
3164	civil	4423
3165	barriga	4423
3166	park	4417
3167	quilómetros	4416
3168	randy	4415
3169	segure	4412
3170	sonhar	4411
3171	embaixo	4410
3172	levantem	4408
3173	cometer	4407
3174	amostra	4406
3175	despedida	4405
3176	ratos	4402
3177	duplo	4401
3178	bart	4401
3179	lembrem	4399
3180	hollywood	4394
3181	clínica	4392
3182	exercício	4392
3183	azar	4388
3184	simpática	4387
3185	cardíaco	4387
3186	metal	4384
3187	levas	4384
3188	mesmas	4371
3189	sessão	4368
3190	golfe	4365
3191	disponível	4364
3192	armazém	4358
3193	telefonou	4357
3194	comercial	4357
3195	pura	4355
3196	bicicleta	4349
3197	nº	4348
3198	queimar	4347
3199	ataques	4347
3200	atende	4345
3201	nervosa	4343
3202	trabalhou	4340
3203	king	4340
3204	entregue	4338
3205	queixa	4336
3206	costume	4336
3207	mover	4333
3208	empregada	4332
3209	casados	4329
3210	casey	4328
3211	salto	4326
3212	vila	4324
3213	mudanças	4323
3214	cigarros	4322
3215	palácio	4320
3216	selva	4317
3217	perdida	4316
3218	rezar	4313
3219	análise	4312
3220	arranjei	4312
3221	poderemos	4310
3222	mental	4308
3223	cooper	4303
3224	lobo	4301
3225	desejar	4300
3226	favorito	4300
3227	julia	4298
3228	impostos	4295
3229	tolo	4293
3230	frango	4292
3231	campos	4291
3232	trânsito	4290
3233	redor	4289
3234	recebemos	4289
3235	feitas	4285
3236	matado	4280
3237	circunstâncias	4278
3238	andei	4277
3239	limpeza	4275
3240	satisfeito	4271
3241	popular	4271
3242	sentiu	4271
3243	molly	4271
3244	comprimidos	4270
3245	gordon	4269
3246	escutem	4268
3247	anterior	4268
3248	dispositivo	4264
3249	aceite	4263
3250	atrasada	4262
3251	aranha	4261
3252	cretino	4261
3253	baby	4260
3254	donna	4260
3255	penny	4260
3256	time	4259
3257	reacção	4259
3258	telefona	4258
3259	território	4257
3260	aliança	4257
3261	chinês	4256
3262	convidar	4256
3263	in	4256
3264	moeda	4254
3265	cuecas	4252
3266	assumir	4251
3267	pagamento	4247
3268	ombro	4247
3269	face	4247
3270	heróis	4247
3271	cenas	4246
3272	nestas	4246
3273	promete	4244
3274	compreende	4242
3275	terminado	4242
3276	besta	4242
3277	alteza	4242
3278	pôde	4240
3279	mortal	4240
3280	sócio	4238
3281	ponho	4237
3282	nasci	4234
3283	lou	4233
3284	conferência	4230
3285	círculo	4229
3286	declaração	4223
3287	juízo	4222
3288	alemanha	4221
3289	està	4218
3290	sinta	4216
3291	falhar	4216
3292	dívida	4216
3293	trabalhas	4213
3294	inspector	4212
3295	atraente	4211
3296	voltará	4210
3297	recompensa	4210
3298	clara	4209
3299	sentimento	4207
3300	abençoe	4207
3301	noutra	4205
3302	memórias	4205
3303	procuramos	4203
3304	arrancar	4203
3305	venhas	4202
3306	pénis	4201
3307	tinta	4200
3308	né	4196
3309	tentado	4194
3310	montar	4194
3311	ouves	4191
3312	júri	4188
3313	teríamos	4187
3314	condenado	4186
3315	boston	4183
3316	motivos	4183
3317	quilos	4179
3318	prima	4177
3319	fresco	4177
3320	deter	4176
3321	boneca	4175
3322	zangada	4173
3323	curto	4173
3324	prometeu	4172
3325	escapou	4172
3326	lançar	4170
3327	gostamos	4170
3328	ripadas	4168
3329	acertar	4167
3330	secção	4165
3331	inocentes	4162
3332	peixes	4161
3333	teddy	4161
3334	traidor	4160
3335	iniciar	4156
3336	factos	4156
3337	passear	4154
3338	incomoda	4151
3339	corajoso	4150
3340	ódio	4148
3341	vigiar	4147
3342	apanhem	4145
3343	ajudo	4143
3344	convite	4141
3345	garotos	4139
3346	almirante	4139
3347	direi	4138
3348	contaste	4138
3349	pacote	4138
3350	assustada	4137
3351	perigosa	4136
3352	bonitas	4135
3353	gravação	4131
3354	preparada	4130
3355	corram	4130
3356	nate	4130
3357	chatear	4127
3358	deita	4126
3359	cidades	4124
3360	brinde	4123
3361	veste	4123
3362	trabalhei	4122
3363	espantoso	4121
3364	teriam	4119
3365	pessoais	4118
3366	helen	4118
3367	parto	4114
3368	seriam	4114
3369	betty	4114
3370	ondas	4113
3371	audiência	4112
3372	connor	4112
3373	filmar	4111
3374	infecção	4109
3375	comunicação	4106
3376	apontar	4102
3377	folga	4102
3378	compromisso	4100
3379	barba	4099
3380	escritor	4099
3381	lágrimas	4096
3382	atingir	4096
3383	caneta	4095
3384	andou	4093
3385	contactar	4092
3386	banheiro	4091
3387	cola	4091
3388	incidente	4090
3389	ron	4088
3390	capa	4087
3391	pasta	4087
3392	dexter	4087
3393	ethan	4087
3394	bancos	4086
3395	frankie	4086
3396	irás	4083
3397	ciúmes	4083
3398	psiquiatra	4083
3399	chegada	4082
3400	doutora	4080
3401	cargo	4078
3402	comi	4077
3403	mandaram	4077
3404	templo	4076
3405	eva	4075
3406	vampiro	4074
3407	saindo	4072
3408	aventura	4072
3409	pagam	4071
3410	sermos	4068
3411	recursos	4068
3412	multidão	4067
3413	chamem	4067
3414	romântico	4066
3415	autoridades	4065
3416	mail	4064
3417	nestes	4061
3418	macacos	4060
3419	puxar	4059
3420	fantasia	4057
3421	ocorreu	4057
3422	dick	4055
3423	endereço	4055
3424	organização	4054
3425	romance	4052
3426	nobre	4048
3427	bateria	4046
3428	adoram	4042
3429	nathan	4042
3430	espacial	4041
3431	império	4040
3432	sitio	4035
3433	perseguir	4035
3434	guiar	4031
3435	precisares	4031
3436	solte	4031
3437	condição	4026
3438	preocupação	4026
3439	gary	4023
3440	flor	4022
3441	agarrar	4021
3442	vomitar	4020
3443	pares	4018
3444	recebe	4016
3445	ira	4014
3446	perdoar	4011
3447	sincronia	4009
3448	setembro	4005
3449	acordei	4001
3450	apagar	4000
3451	ta	3998
3452	espião	3995
3453	computadores	3994
3454	apaixonada	3992
3455	pouca	3990
3456	lho	3989
3457	miles	3987
3458	plástico	3986
3459	recebido	3980
3460	começam	3980
3461	arrumar	3980
3462	sobretudo	3979
3463	depósito	3977
3464	especialista	3976
3465	rips	3974
3466	mostro	3973
3467	doer	3971
3468	produto	3971
3469	civis	3971
3470	igualmente	3969
3471	suspeitos	3965
3472	enfim	3963
3473	estúdio	3959
3474	earl	3957
3475	rodas	3954
3476	aproveitar	3952
3477	moral	3952
3478	certos	3951
3479	anúncio	3951
3480	escravos	3944
3481	concurso	3943
3482	trabalham	3938
3483	suficientes	3937
3484	péssimo	3935
3485	gatilho	3934
3486	lincoln	3934
3487	beth	3933
3488	cassete	3932
3489	acusação	3931
3490	chamei	3930
3491	bandeira	3926
3492	culpar	3924
3493	ficares	3924
3494	bíblia	3923
3495	disparem	3922
3496	reais	3921
3497	secretos	3921
3498	medicamentos	3919
3499	voltaste	3917
3500	salta	3917
3501	média	3914
3502	expressão	3912
3503	óleo	3909
3504	tomo	3906
3505	turma	3906
3506	sumo	3906
3507	salvá	3905
3508	lady	3905
3509	hã	3902
3510	usei	3902
3511	larguem	3896
3512	trem	3896
3513	sammy	3894
3514	controla	3893
3515	cruz	3893
3516	poderei	3887
3517	saberia	3885
3518	arquivos	3882
3519	uniforme	3882
3520	calar	3880
3521	cartões	3879
3522	mortas	3879
3523	sally	3878
3524	caos	3877
3525	infeliz	3876
3526	parada	3875
3527	reforços	3875
3528	terapia	3875
3529	pássaros	3873
3530	transmissão	3869
3531	refeição	3867
3532	assassinado	3866
3533	positivo	3866
3534	experiências	3864
3535	passando	3863
3536	descobre	3860
3537	passas	3860
3538	demos	3858
3539	pública	3858
3540	nojo	3854
3541	chegando	3849
3542	concerto	3848
3543	oficialmente	3845
3544	anjos	3845
3545	título	3844
3546	chegam	3844
3547	anormal	3841
3548	deixando	3840
3549	houvesse	3840
3550	frodo	3840
3551	águas	3839
3552	voto	3838
3553	vizinho	3837
3554	presta	3836
3555	privada	3835
3556	pausa	3834
3557	reféns	3833
3558	prazo	3832
3559	man	3830
3560	figura	3827
3561	berlim	3826
3562	michelle	3826
3563	coroa	3825
3564	bestial	3824
3565	gatos	3823
3566	internacional	3822
3567	compreendes	3821
3568	apostas	3819
3569	lança	3819
3570	adiante	3815
3571	leão	3814
3572	estarmos	3814
3573	verá	3813
3574	atrasados	3813
3575	baixar	3812
3576	tentaram	3810
3577	reunir	3808
3578	corra	3806
3579	pila	3805
3580	possivelmente	3804
3581	planear	3804
3582	esperam	3804
3583	fígado	3802
3584	fatos	3802
3585	pedimos	3800
3586	intervalo	3799
3587	gastar	3799
3588	seguida	3797
3589	temporada	3795
3590	brad	3792
3591	mudaram	3791
3592	altamente	3788
3593	sincronizadas	3788
3594	homicídios	3784
3595	goste	3781
3596	costuma	3781
3597	ian	3779
3598	heroína	3777
3599	esqueceste	3776
3600	césar	3773
3601	carol	3772
3602	safar	3771
3603	origem	3770
3604	tivéssemos	3770
3605	destruído	3769
3606	união	3768
3607	descobrimos	3766
3608	enviado	3764
3609	perdoa	3764
3610	acusado	3764
3611	white	3764
3612	julguei	3763
3613	meias	3761
3614	luvas	3761
3615	ladrões	3761
3616	diverte	3759
3617	apanharam	3758
3618	feia	3758
3619	prata	3755
3620	sagrado	3754
3621	direção	3754
3622	fizeres	3751
3623	dizemos	3745
3624	ansioso	3745
3625	vistos	3745
3626	confie	3744
3627	vende	3743
3628	ashley	3740
3629	passageiros	3739
3630	acusações	3738
3631	passava	3730
3632	leia	3724
3633	geralmente	3724
3634	matemática	3723
3635	julgar	3723
3636	libras	3723
3637	sensível	3723
3638	sincero	3720
3639	estupidez	3720
3640	traição	3719
3641	participar	3719
3642	sorrir	3718
3643	iá	3718
3644	frase	3716
3645	camarada	3716
3646	evento	3716
3647	salão	3714
3648	despachar	3712
3649	jóias	3712
3650	células	3711
3651	manteiga	3710
3652	piano	3710
3653	símbolo	3708
3654	lealdade	3707
3655	cidadãos	3707
3656	coelho	3707
3657	barcos	3706
3658	contagem	3704
3659	pudéssemos	3702
3660	vincent	3702
3661	falhado	3699
3662	gostavas	3698
3663	sabíamos	3696
3664	vivia	3691
3665	iraque	3689
3666	adultos	3688
3667	consequências	3688
3668	avisei	3686
3669	atacou	3686
3670	perderam	3683
3671	encontrarmos	3683
3672	nancy	3683
3673	encher	3682
3674	leu	3677
3675	pensem	3675
3676	informar	3674
3677	identificar	3671
3678	lewis	3671
3679	estranhas	3669
3680	estudante	3668
3681	dylan	3668
3682	estivesses	3667
3683	abertos	3667
3684	esperta	3667
3685	actor	3664
3686	precisamente	3663
3687	angela	3662
3688	jacob	3658
3689	pecado	3656
3690	atire	3654
3691	engraçada	3653
3692	existência	3653
3693	casou	3653
3694	barato	3653
3695	desce	3651
3696	copos	3646
3697	robô	3646
3698	cientistas	3646
3699	dali	3644
3700	gravidade	3641
3701	anne	3641
3702	urgente	3639
3703	sydney	3638
3704	caminhar	3637
3705	sabor	3636
3706	ovo	3635
3707	linguagem	3634
3708	adorei	3632
3709	fazerem	3631
3710	questões	3626
3711	imaginação	3626
3712	importar	3625
3713	termina	3619
3714	escudo	3618
3715	barney	3618
3716	estudantes	3615
3717	deveriam	3615
3718	decente	3611
3719	remédio	3609
3720	hmm	3609
3721	jogadores	3609
3722	saíram	3607
3723	equipas	3607
3724	chamá	3606
3725	mm	3606
3726	religião	3605
3727	acontecerá	3604
3728	profundo	3602
3729	dormi	3600
3730	saberá	3600
3731	aquí	3599
3732	interessada	3599
3733	japão	3598
3734	abraço	3597
3735	patrulha	3594
3736	perímetro	3594
3737	infância	3593
3738	mentes	3592
3739	perdidos	3592
3740	dada	3591
3741	abri	3590
3742	sacrifício	3589
3743	falsa	3589
3744	competição	3586
3745	excelência	3586
3746	feche	3586
3747	entraram	3585
3748	trouxeram	3583
3749	tivermos	3583
3750	cientista	3582
3751	menti	3580
3752	cobrir	3580
3753	pediste	3579
3754	índia	3579
3755	considerar	3579
3756	relaxar	3579
3757	excitante	3579
3758	convidou	3578
3759	ideal	3574
3760	estarem	3573
3761	descanso	3571
3762	viagens	3571
3763	deixamos	3569
3764	espanhol	3568
3765	farta	3568
3766	lance	3567
3767	valha	3565
3768	mínima	3565
3769	mijar	3563
3770	ofereceu	3563
3771	morar	3563
3772	nu	3562
3773	olhou	3556
3774	estrutura	3556
3775	renda	3554
3776	charlotte	3552
3777	oliver	3549
3778	imensa	3549
3779	cheirar	3549
3780	steven	3546
3781	resolvido	3545
3782	emoções	3544
3783	acontecem	3543
3784	impacto	3543
3785	passaste	3542
3786	nascimento	3540
3787	curar	3539
3788	passámos	3538
3789	italiano	3537
3790	sophie	3535
3791	esqueçam	3534
3792	mães	3533
3793	principalmente	3532
3794	recolher	3530
3795	transferência	3529
3796	respiração	3529
3797	disparate	3525
3798	escada	3522
3799	cento	3522
3800	potencial	3520
3801	testar	3518
3802	caçador	3517
3803	protege	3514
3804	filhas	3511
3805	gorda	3510
3806	sentada	3510
3807	saibam	3510
3808	ricky	3510
3809	meta	3507
3810	motel	3507
3811	acorde	3506
3812	técnica	3505
3813	recepção	3505
3814	primeiras	3504
3815	sacos	3504
3816	jornalista	3502
3817	efeitos	3499
3818	logan	3499
3819	matéria	3497
3820	disparou	3496
3821	séculos	3495
3822	laranja	3494
3823	imaginei	3493
3824	portal	3493
3825	rússia	3492
3826	continuamos	3490
3827	construção	3489
3828	coluna	3489
3829	black	3487
3830	brinquedos	3486
3831	resultou	3485
3832	posse	3484
3833	tragédia	3483
3834	tensão	3483
3835	jennifer	3482
3836	olivia	3482
3837	neil	3480
3838	pulmões	3474
3839	faziam	3473
3840	roda	3473
3841	localizar	3472
3842	circo	3471
3843	formos	3471
3844	duche	3469
3845	deverias	3467
3846	tocou	3467
3847	coca	3467
3848	nina	3466
3849	horário	3465
3850	conjunto	3465
3851	riscos	3463
3852	souber	3462
3853	empregados	3462
3854	voltaram	3461
3855	violação	3460
3856	munições	3460
3857	combinação	3459
3858	condutor	3458
3859	relatórios	3457
3860	porcos	3457
3861	jonathan	3457
3862	rica	3455
3863	mágica	3455
3864	resistir	3455
3865	celular	3454
3866	monstros	3454
3867	jordan	3454
3868	esperei	3453
3869	durar	3453
3870	lama	3450
3871	voltes	3447
3872	existir	3444
3873	on	3443
3874	percebido	3441
3875	dizeres	3440
3876	apanho	3440
3877	terror	3440
3878	uísque	3440
3879	explosivos	3440
3880	substituir	3439
3881	benjamin	3438
3882	usava	3437
3883	trazido	3437
3884	certificar	3435
3885	cobre	3433
3886	tecnicamente	3432
3887	podermos	3429
3888	baixem	3429
3889	peguem	3425
3890	terias	3425
3891	arquivo	3424
3892	câmera	3422
3893	mulder	3422
3894	visual	3421
3895	plantas	3418
3896	acreditava	3417
3897	termo	3417
3898	academia	3416
3899	região	3412
3900	miranda	3412
3901	roubaram	3410
3902	cuide	3410
3903	corações	3410
3904	serena	3407
3905	tentamos	3404
3906	devesse	3404
3907	nua	3404
3908	andamos	3403
3909	patético	3403
3910	folha	3400
3911	paragem	3400
3912	dês	3400
3913	contudo	3399
3914	decide	3398
3915	república	3397
3916	caridade	3396
3917	encontrem	3394
3918	dará	3389
3919	vazia	3389
3920	argumento	3389
3921	secretário	3388
3922	orgulhosa	3387
3923	embaixador	3387
3924	aaron	3387
3925	kg	3385
3926	lixado	3385
3927	desconhecido	3384
3928	acabe	3383
3929	espíritos	3383
3930	poderosa	3383
3931	sheldon	3383
3932	chase	3382
3933	pego	3381
3934	sobrinho	3381
3935	votos	3379
3936	perfil	3378
3937	celebrar	3373
3938	petróleo	3373
3939	custódia	3373
3940	walker	3372
3941	delicioso	3370
3942	rocky	3370
3943	rebentar	3369
3944	assegurar	3367
3945	tema	3367
3946	lorque	3365
3947	jersey	3361
3948	apanhaste	3361
3949	propriamente	3359
3950	jay	3357
3951	tradição	3355
3952	julho	3355
3953	sentindo	3354
3954	unhas	3354
3955	doidos	3354
3956	mickey	3354
3957	blair	3354
3958	níveis	3353
3959	aparelho	3352
3960	ensaio	3352
3961	chateada	3352
3962	elliot	3351
3963	cerebral	3349
3964	kent	3348
3965	aumento	3347
3966	ferramentas	3347
3967	disfarce	3344
3968	dólar	3344
3969	dose	3343
3970	rumo	3342
3971	wall	3342
3972	caroline	3341
3973	frequência	3340
3974	sid	3340
3975	morra	3339
3976	baseado	3338
3977	amostras	3338
3978	agenda	3337
3979	ellie	3337
3980	estudos	3335
3981	martha	3333
3982	franceses	3333
3983	tracy	3332
3984	deixarei	3330
3985	moça	3330
3986	páginas	3330
3987	cemitério	3327
3988	dente	3327
3989	ari	3327
3990	roubei	3325
3991	conseguirmos	3323
3992	detrás	3321
3993	campeonato	3319
3994	egoísta	3319
3995	personagem	3318
3996	beco	3316
3997	cabana	3316
3998	pintar	3316
3999	novidades	3314
4000	cobarde	3313
4001	sobreviventes	3312
4002	cores	3312
4003	vigia	3311
4004	salada	3310
4005	escolhi	3309
4006	furioso	3308
4007	dividir	3307
4008	shaw	3307
4009	máxima	3306
4010	truques	3305
4011	professores	3304
4012	dizê	3301
4013	manual	3301
4014	coordenadas	3299
4015	administração	3298
4016	sentimos	3298
4017	puseram	3297
4018	quinze	3295
4019	colocá	3294
4020	mudam	3294
4021	países	3292
4022	sairmos	3290
4023	sofreu	3289
4024	hannah	3287
4025	grupos	3286
4026	amarelo	3286
4027	apoiar	3286
4028	poderias	3283
4029	bloco	3283
4030	procedimento	3282
4031	ficha	3281
4032	acabam	3280
4033	francamente	3279
4034	atrasar	3278
4035	aço	3278
4036	vingar	3277
4037	protegê	3275
4038	apresentação	3275
4039	contratar	3274
4040	carrie	3274
4041	custar	3273
4042	relacionamento	3273
4043	reconhecimento	3272
4044	façamos	3271
4045	verdadeiros	3270
4046	trabalhamos	3269
4047	poço	3269
4048	códigos	3267
4049	ned	3267
4050	dirige	3266
4051	amável	3266
4052	gravar	3266
4053	letra	3265
4054	sintomas	3264
4055	envolver	3262
4056	assusta	3261
4057	felizmente	3261
4058	valeu	3259
4059	praticar	3259
4060	azuis	3258
4061	escutar	3257
4062	hill	3256
4063	vives	3255
4064	junta	3254
4065	aparência	3253
4066	reconhecer	3253
4067	davis	3252
4068	preferido	3248
4069	fascinante	3247
4070	pam	3245
4071	justin	3245
4072	camisola	3243
4073	custou	3242
4074	chover	3241
4075	recente	3239
4076	nascido	3236
4077	soltar	3236
4078	sois	3236
4079	ficheiros	3235
4080	beira	3235
4081	salário	3234
4082	personalidade	3234
4083	respondeu	3233
4084	aprendeu	3233
4085	pecados	3232
4086	representa	3231
4087	curta	3228
4088	vôo	3227
4089	solteiro	3227
4090	olhei	3227
4091	geração	3226
4092	ignorar	3225
4093	solar	3225
4094	seth	3224
4095	direto	3224
4096	elaine	3224
4097	paguei	3222
4098	ótima	3221
4099	telefones	3219
4100	escrita	3218
4101	cortou	3218
4102	rotina	3217
4103	motores	3217
4104	feridos	3215
4105	formação	3215
4106	tecido	3215
4107	sejamos	3213
4108	detetive	3213
4109	naturalmente	3213
4110	lindas	3212
4111	tiraram	3212
4112	sítios	3208
4113	assinatura	3207
4114	enganou	3206
4115	comem	3206
4116	colar	3206
4117	actividade	3206
4118	reparar	3205
4119	prepare	3204
4120	irem	3202
4121	alcançar	3200
4122	manhattan	3199
4123	exposição	3198
4124	buracos	3198
4125	oiça	3196
4126	lembrei	3196
4127	pressentimento	3195
4128	desporto	3195
4129	senado	3194
4130	ação	3194
4131	desapareceram	3192
4132	banheira	3192
4133	reparei	3191
4134	desenho	3190
4135	permita	3190
4136	miguel	3190
4137	grant	3189
4138	kong	3188
4139	telefono	3187
4140	farias	3186
4141	gravata	3185
4142	estúpidos	3184
4143	dennis	3183
4144	cumprimentos	3182
4145	causou	3181
4146	comunicar	3181
4147	minas	3180
4148	favorita	3180
4149	relaxe	3178
4150	confessar	3175
4151	traficante	3174
4152	encontram	3173
4153	repara	3173
4154	planta	3172
4155	importam	3172
4156	ligações	3171
4157	funcionam	3171
4158	sapato	3170
4159	sugerir	3169
4160	próximas	3168
4161	valer	3167
4162	vozes	3167
4163	saem	3166
4164	toby	3166
4165	chip	3165
4166	cerimónia	3164
4167	tubo	3163
4168	ficarmos	3161
4169	sexuais	3160
4170	aborrecido	3159
4171	conseguido	3159
4172	formar	3158
4173	farão	3157
4174	jill	3156
4175	falhou	3155
4176	literalmente	3154
4177	morrendo	3152
4178	moedas	3152
4179	cabrões	3152
4180	lucas	3152
4181	ão	3151
4182	curiosidade	3151
4183	burke	3151
4184	casino	3150
4185	sobrevivência	3150
4186	ramo	3149
4187	troco	3148
4188	canta	3148
4189	condicional	3148
4190	rita	3148
4191	prefere	3147
4192	devolve	3147
4193	dobro	3146
4194	tirando	3146
4195	tiroteio	3146
4196	desejos	3145
4197	poderão	3144
4198	invasão	3143
4199	darei	3143
4200	creme	3142
4201	policiais	3139
4202	oxalá	3137
4203	esperas	3135
4204	imediato	3134
4205	descoberta	3134
4206	desligue	3131
4207	conduz	3128
4208	placa	3128
4209	chegarem	3128
4210	muro	3127
4211	cancelar	3126
4212	piadas	3126
4213	conde	3125
4214	enterrado	3123
4215	trevas	3123
4216	lana	3122
4217	contratou	3121
4218	negar	3118
4219	orelhas	3117
4220	sentados	3117
4221	julgas	3116
4222	tapete	3115
4223	comunicações	3113
4224	cultura	3110
4225	luxo	3109
4226	conversas	3109
4227	tiverem	3107
4228	ronnie	3106
4229	mísseis	3106
4230	empresas	3104
4231	gritos	3104
4232	palerma	3104
4233	entramos	3103
4234	desculpar	3103
4235	revolução	3102
4236	habilidade	3102
4237	japoneses	3101
4238	apertar	3101
4239	suspeita	3100
4240	possíveis	3100
4241	joseph	3098
4242	mira	3098
4243	adolescente	3098
4244	tarado	3097
4245	dale	3097
4246	colégio	3095
4247	absoluta	3092
4248	servem	3091
4249	altos	3089
4250	honestamente	3089
4251	envia	3088
4252	puseste	3087
4253	oxigénio	3087
4254	lembram	3086
4255	marie	3084
4256	confissão	3083
4257	asneira	3083
4258	liz	3083
4259	cavaleiros	3079
4260	adulto	3079
4261	movimentos	3079
4262	radiação	3079
4263	publicidade	3079
4264	tais	3079
4265	decidimos	3077
4266	aterrar	3074
4267	quentes	3074
4268	medidas	3071
4269	gostaste	3071
4270	letras	3071
4271	passaporte	3070
4272	refiro	3068
4273	feridas	3067
4274	bebo	3067
4275	vamo	3065
4276	global	3062
4277	caixão	3062
4278	preocupem	3060
4279	restos	3060
4280	anthony	3060
4281	únicos	3059
4282	dona	3059
4283	es	3058
4284	briga	3058
4285	inconsciente	3056
4286	vendeu	3055
4287	cometeu	3055
4288	aéreo	3054
4289	influência	3054
4290	stephen	3054
4291	guerreiros	3053
4292	feiticeiro	3051
4293	havendo	3051
4294	convencido	3051
4295	ultrapassar	3050
4296	russell	3049
4297	shane	3048
4298	jessica	3048
4299	daisy	3047
4300	dúzia	3046
4301	segurem	3046
4302	admira	3045
4303	virou	3044
4304	calem	3044
4305	conselhos	3043
4306	função	3043
4307	todd	3043
4308	conhecida	3043
4309	ficheiro	3043
4310	digital	3042
4311	piorar	3042
4312	capítulo	3039
4313	descoberto	3039
4314	profissionais	3039
4315	indica	3039
4316	meios	3038
4317	fadas	3036
4318	ana	3036
4319	companheiros	3035
4320	lawrence	3033
4321	piso	3033
4322	experimenta	3032
4323	procurei	3032
4324	karl	3032
4325	decidido	3031
4326	quietos	3029
4327	privacidade	3028
4328	ande	3027
4329	sombras	3026
4330	devêssemos	3026
4331	prioridade	3026
4332	inventar	3025
4333	população	3024
4334	saíste	3024
4335	outubro	3023
4336	stanley	3021
4337	revelar	3020
4338	contado	3020
4339	vendedor	3019
4340	leitura	3018
4341	refere	3017
4342	começando	3017
4343	dormindo	3016
4344	ministério	3016
4345	radar	3015
4346	nicole	3015
4347	saias	3014
4348	beija	3014
4349	vier	3014
4350	mereço	3014
4351	piedade	3013
4352	séria	3011
4353	tigre	3011
4354	acreditamos	3011
4355	deixares	3011
4356	harvard	3009
4357	cocaína	3009
4358	megan	3009
4359	sais	3007
4360	posições	3007
4361	parecida	3007
4362	doenças	3006
4363	clay	3006
4364	noção	3004
4365	rumores	3004
4366	walt	3004
4367	prática	3003
4368	recorde	3002
4369	arrepender	3001
4370	coloquei	3000
4371	tonto	2999
4372	ellen	2998
4373	pesada	2998
4374	frigorífico	2998
4375	tubarão	2998
4376	natalie	2998
4377	mochila	2997
4378	collins	2996
4379	catherine	2994
4380	harold	2994
4381	criada	2993
4382	cinzas	2993
4383	conseguires	2993
4384	andaste	2992
4385	sobreviveu	2991
4386	progresso	2990
4387	profissão	2990
4388	receita	2990
4389	submarino	2989
4390	diego	2987
4391	arco	2987
4392	pretende	2986
4393	dna	2986
4394	visse	2984
4395	cody	2984
4396	namorados	2983
4397	sue	2983
4398	willie	2982
4399	samantha	2982
4400	espanha	2981
4401	quieta	2981
4402	russa	2981
4403	torneio	2981
4404	gaja	2980
4405	matando	2977
4406	avisa	2976
4407	planeado	2975
4408	eventos	2973
4409	jess	2973
4410	wade	2972
4411	instalações	2968
4412	recusar	2968
4413	enterprise	2968
4414	esperanças	2966
4415	pormenores	2964
4416	meredith	2962
4417	usamos	2960
4418	voltares	2959
4419	conheceste	2958
4420	fraude	2957
4421	médio	2954
4422	informado	2952
4423	tatuagem	2952
4424	rasto	2951
4425	mudado	2948
4426	consertar	2946
4427	levará	2946
4428	ingleses	2945
4429	fechados	2945
4430	alvos	2943
4431	jeremy	2943
4432	ocasião	2941
4433	velas	2940
4434	peru	2940
4435	voltado	2939
4436	gado	2939
4437	distante	2937
4438	conheça	2936
4439	mereces	2933
4440	feitiço	2932
4441	grátis	2931
4442	capital	2931
4443	lord	2931
4444	miolos	2930
4445	it	2930
4446	fãs	2928
4447	green	2928
4448	velhas	2927
4449	seco	2927
4450	tumor	2927
4451	derrotar	2924
4452	viria	2924
4453	kirk	2924
4454	wallace	2922
4455	êxito	2921
4456	pudesses	2919
4457	marco	2918
4458	descobriram	2917
4459	bombeiros	2916
4460	voltarmos	2916
4461	acreditei	2915
4462	palmer	2914
4463	suave	2914
4464	escravo	2914
4465	deixava	2913
4466	angel	2913
4467	taça	2912
4468	suba	2912
4469	pedindo	2911
4470	by	2909
4471	selvagens	2909
4472	Holly	2909
4473	acontecesse	2908
4474	amanhecer	2907
4475	Mitch	2905
4476	péssima	2904
4477	viesse	2904
4478	reis	2903
4479	von	2903
4480	Anderson	2902
4481	cheios	2901
4482	miserável	2901
4483	emoção	2900
4484	little	2898
4485	rocha	2897
4486	parvalhão	2896
4487	raro	2894
4488	verdadeiramente	2894
4489	Jamie	2893
4490	político	2891
4491	ganhaste	2891
4492	Marge	2891
4493	bens	2890
4494	bandidos	2890
4495	nuvens	2889
4496	Simpson	2889
4497	Evan	2889
4498	complexo	2888
4499	desenhos	2886
4500	assassínio	2884
4501	Katherine	2884
4502	drama	2883
4503	recordar	2883
4504	ficarem	2882
4505	junho	2881
4506	stark	2881
4507	destruiu	2880
4508	falaram	2877
4509	proibido	2875
4510	pastor	2875
4511	pontapé	2875
4512	nicky	2874
4513	lentamente	2873
4514	kramer	2871
4515	novidade	2870
4516	analisar	2867
4517	atmosfera	2866
4518	esclarecer	2865
4519	tarte	2865
4520	estais	2862
4521	demónios	2861
4522	estrangeiro	2860
4523	trate	2860
4524	vaga	2859
4525	pareça	2858
4526	produtos	2857
4527	elegante	2857
4528	mason	2857
4529	inveja	2855
4530	líderes	2855
4531	basebol	2854
4532	crânio	2854
4533	ala	2854
4534	reed	2853
4535	aceitou	2853
4536	sensores	2852
4537	galáxia	2852
4538	imagine	2851
4539	poupar	2851
4540	eliminar	2851
4541	firma	2851
4542	turner	2850
4543	extraordinário	2850
4544	cresceu	2848
4545	leves	2847
4546	interna	2845
4547	invisível	2844
4548	refém	2843
4549	ford	2843
4550	juramento	2842
4551	provocar	2840
4552	horríveis	2839
4553	cometi	2839
4554	albert	2839
4555	comecem	2838
4556	levando	2836
4557	iriam	2836
4558	deverá	2835
4559	cadê	2835
4560	grey	2835
4561	importava	2834
4562	duque	2833
4563	vic	2833
4564	levamos	2832
4565	diretor	2832
4566	entro	2831
4567	pediram	2831
4568	sandy	2831
4569	fox	2830
4570	abertura	2830
4571	suportar	2830
4572	wendy	2830
4573	correndo	2829
4574	cabelos	2828
4575	bagagem	2828
4576	voltaremos	2826
4577	procuram	2826
4578	armar	2825
4579	bruxas	2824
4580	lenny	2823
4581	condução	2822
4582	deitado	2821
4583	surpreendido	2820
4584	raymond	2820
4585	concordar	2819
4586	stress	2819
4587	encontros	2819
4588	audição	2818
4589	despachem	2817
4590	escala	2817
4591	conspiração	2817
4592	fontes	2816
4593	famosa	2815
4594	cadela	2814
4595	prestar	2813
4596	terminei	2812
4597	pelotão	2810
4598	congresso	2810
4599	fodido	2810
4600	torres	2810
4601	tess	2810
4602	antigas	2809
4603	matthew	2808
4604	tortura	2807
4605	colecção	2807
4606	dificuldade	2807
4607	keith	2807
4608	deixaria	2806
4609	metas	2806
4610	chineses	2805
4611	armados	2804
4612	tás	2804
4613	considerado	2803
4614	dormiu	2802
4615	solitário	2801
4616	aquecer	2801
4617	sonny	2801
4618	hemorragia	2800
4619	precise	2798
4620	acordou	2798
4621	caminhos	2798
4622	marcha	2798
4623	ficasse	2798
4624	williams	2797
4625	interesses	2796
4626	recebo	2796
4627	bailey	2795
4628	manny	2795
4629	bêbedo	2795
4630	espingarda	2794
4631	organizar	2792
4632	ficaremos	2791
4633	reconhece	2791
4634	estarás	2791
4635	canadá	2791
4636	magnífico	2790
4637	enfiar	2790
4638	aprende	2789
4639	delta	2789
4640	objecto	2788
4641	fazermos	2787
4642	pretos	2787
4643	salvei	2787
4644	pratos	2787
4645	my	2787
4646	trevor	2787
4647	federais	2785
4648	houston	2785
4649	queiram	2784
4650	enormes	2784
4651	estratégia	2782
4652	suja	2781
4653	pescar	2781
4654	considera	2781
4655	sector	2780
4656	aluno	2779
4657	admito	2778
4658	ginásio	2777
4659	escolas	2777
4660	comissário	2776
4661	protocolo	2775
4662	rob	2774
4663	fada	2774
4664	cidadão	2773
4665	encomenda	2771
4666	naquilo	2769
4667	cirurgião	2768
4668	usada	2768
4669	gina	2766
4670	odiar	2766
4671	reverendo	2765
4672	fabuloso	2763
4673	acertou	2763
4674	ofensa	2762
4675	cowboy	2762
4676	cervejas	2762
4677	química	2761
4678	hong	2760
4679	artes	2760
4680	abril	2760
4681	infantil	2760
4682	fruta	2760
4683	eternidade	2759
4684	prometer	2758
4685	palpite	2757
4686	conseguiria	2756
4687	dana	2756
4688	beba	2755
4689	pesadelos	2753
4690	atirem	2752
4691	instinto	2751
4692	preocupo	2751
4693	moto	2750
4694	procure	2750
4695	pintura	2749
4696	duke	2749
4697	tristeza	2748
4698	nessas	2746
4699	horror	2745
4700	armada	2743
4701	viveu	2743
4702	kenny	2742
4703	entram	2741
4704	onze	2741
4705	lógica	2740
4706	familiares	2739
4707	tiraste	2738
4708	cameron	2737
4709	puderes	2737
4710	seguido	2735
4711	ann	2733
4712	lindos	2733
4713	realizar	2733
4714	cuidados	2730
4715	acordada	2729
4716	permanecer	2728
4717	vestidos	2728
4718	órgãos	2726
4719	divertida	2725
4720	fraca	2724
4721	harris	2724
4722	franco	2723
4723	ho	2723
4724	sequência	2721
4725	bife	2721
4726	electricidade	2720
4727	blue	2720
4728	verifica	2719
4729	orelha	2718
4730	marte	2718
4731	profundamente	2716
4732	co	2716
4733	dissemos	2714
4734	traiu	2714
4735	perfume	2713
4736	cabine	2713
4737	rebeldes	2713
4738	francesa	2712
4739	folhas	2711
4740	ficarão	2711
4741	concentra	2711
4742	trabalhadores	2710
4743	finais	2709
4744	pedro	2707
4745	estivessem	2707
4746	disposição	2705
4747	apresenta	2705
4748	Holmes	2705
4749	abaixe	2704
4750	andares	2704
4751	lane	2701
4752	embaixada	2700
4753	bingo	2699
4754	obrigar	2699
4755	processar	2699
4756	Tina	2699
4757	maya	2699
4758	julga	2697
4759	alfa	2697
4760	cópias	2697
4761	seguiu	2695
4762	atingiu	2694
4763	razoável	2693
4764	escuto	2693
4765	julgo	2692
4766	resulta	2691
4767	abandonou	2689
4768	florida	2688
4769	pesca	2687
4770	túmulo	2687
4771	cujo	2687
4772	caverna	2687
4773	sabedoria	2686
4774	fiel	2686
4775	discos	2686
4776	times	2686
4777	chegará	2684
4778	reuniões	2683
4779	abandonado	2681
4780	roubaste	2681
4781	esperemos	2681
4782	fraqueza	2679
4783	cria	2679
4784	taco	2678
4785	baixas	2677
4786	marley	2677
4787	cêntimos	2676
4788	descobriste	2675
4789	procurador	2675
4790	queridos	2674
4791	bastardo	2672
4792	bunda	2671
4793	monsieur	2668
4794	arroz	2668
4795	site	2668
4796	absurdo	2667
4797	trono	2666
4798	sonhei	2665
4799	itália	2665
4800	troy	2665
4801	medalha	2664
4802	habilidades	2664
4803	tiras	2664
4804	durmo	2663
4805	exceto	2662
4806	brinquedo	2658
4807	intenções	2658
4808	chego	2657
4809	lido	2657
4810	merecem	2657
4811	desperdiçar	2656
4812	pós	2656
4813	separados	2655
4814	merlin	2654
4815	chamaram	2653
4816	vc	2652
4817	tentaste	2651
4818	políticos	2651
4819	divirtam	2650
4820	sobremesa	2648
4821	levava	2647
4822	criação	2646
4823	execução	2646
4824	haviam	2645
4825	índios	2645
4826	grau	2645
4827	ônibus	2643
4828	necessidades	2643
4829	mistura	2643
4830	pilotos	2643
4831	economia	2642
4832	cagar	2642
4833	perdê	2641
4834	procuras	2641
4835	voltam	2640
4836	traduzido	2640
4837	indústria	2638
4838	preocupados	2638
4839	familia	2636
4840	técnico	2634
4841	prometeste	2633
4842	sugere	2632
4843	recordo	2632
4844	bonitos	2631
4845	disparo	2630
4846	sensual	2629
4847	rever	2628
4848	padrinho	2628
4849	rebecca	2628
4850	andem	2626
4851	cordas	2626
4852	máfia	2624
4853	esquema	2623
4854	cadáveres	2623
4855	lojas	2623
4856	biscoitos	2623
4857	possibilidades	2622
4858	cal	2621
4859	freddy	2621
4860	físico	2620
4861	quebra	2620
4862	preta	2620
4863	voa	2619
4864	consulta	2618
4865	yo	2615
4866	vanessa	2615
4867	travis	2614
4868	examinar	2614
4869	dupla	2613
4870	malucos	2612
4871	desgraça	2608
4872	arranje	2608
4873	elena	2605
4874	confidencial	2599
4875	oscar	2598
4876	meteste	2597
4877	curtis	2596
4878	eventualmente	2596
4879	stu	2595
4880	cinquenta	2592
4881	algemas	2590
4882	escolhas	2590
4883	sebastian	2590
4884	perdendo	2589
4885	impressionado	2588
4886	chinesa	2587
4887	salve	2586
4888	recuar	2585
4889	nesses	2585
4890	rosas	2585
4891	novembro	2584
4892	ihes	2581
4893	navios	2581
4894	trair	2580
4895	chamaste	2579
4896	olhadela	2578
4897	amado	2578
4898	cachorros	2578
4899	mude	2578
4900	quiseste	2578
4901	barbara	2577
4902	impedi	2575
4903	pegamos	2575
4904	caleb	2575
4905	zoe	2574
4906	alguem	2572
4907	escudos	2571
4908	transformou	2568
4909	pacífico	2568
4910	namorar	2567
4911	capacidades	2566
4912	salvaste	2566
4913	quartel	2566
4914	explorar	2565
4915	arruinar	2564
4916	percebem	2564
4917	permitido	2564
4918	estradas	2563
4919	tornado	2562
4920	revistas	2561
4921	francis	2561
4922	cresci	2560
4923	fizermos	2560
4924	bata	2560
4925	descrição	2559
4926	amei	2559
4927	castle	2559
